Frequency [GHz],S11 [dB],ff,ld, lf, lg, lp, ls, s1, s2, t, wf, wg,wp, ws, z
0,-0.005264212,0.4,2,9,8.7,13,22,1,4,0.035,3,6.5,12,22,1.6
0.015,-0.005250794,0.4,2,9,8.7,13,22,1,4,0.035,3,6.5,12,22,1.6
0.029999999,-0.005210422,0.4,2,9,8.7,13,22,1,4,0.035,3,6.5,12,22,1.6
0.045000002,-0.005143782,0.4,2,9,8.7,13,22,1,4,0.035,3,6.5,12,22,1.6
0.059999999,-0.005052373,0.4,2,9,8.7,13,22,1,4,0.035,3,6.5,12,22,1.6
0.075000003,-0.004935399,0.4,2,9,8.7,13,22,1,4,0.035,3,6.5,12,22,1.6
0.090000004,-0.004797064,0.4,2,9,8.7,13,22,1,4,0.035,3,6.5,12,22,1.6
0.104999997,-0.004636731,0.4,2,9,8.7,13,22,1,4,0.035,3,6.5,12,22,1.6
0.119999997,-0.004458321,0.4,2,9,8.7,13,22,1,4,0.035,3,6.5,12,22,1.6
0.135000005,-0.004261993,0.4,2,9,8.7,13,22,1,4,0.035,3,6.5,12,22,1.6
0.150000006,-0.004052995,0.4,2,9,8.7,13,22,1,4,0.035,3,6.5,12,22,1.6
0.165000007,-0.003831449,0.4,2,9,8.7,13,22,1,4,0.035,3,6.5,12,22,1.6
0.180000007,-0.003603189,0.4,2,9,8.7,13,22,1,4,0.035,3,6.5,12,22,1.6
0.194999993,-0.003369776,0.4,2,9,8.7,13,22,1,4,0.035,3,6.5,12,22,1.6
0.209999993,-0.003135171,0.4,2,9,8.7,13,22,1,4,0.035,3,6.5,12,22,1.6
0.224999994,-0.002902461,0.4,2,9,8.7,13,22,1,4,0.035,3,6.5,12,22,1.6
0.239999995,-0.002675873,0.4,2,9,8.7,13,22,1,4,0.035,3,6.5,12,22,1.6
0.254999995,-0.002458422,0.4,2,9,8.7,13,22,1,4,0.035,3,6.5,12,22,1.6
0.270000011,-0.002255884,0.4,2,9,8.7,13,22,1,4,0.035,3,6.5,12,22,1.6
0.284999996,-0.002070219,0.4,2,9,8.7,13,22,1,4,0.035,3,6.5,12,22,1.6
0.300000012,-0.001905886,0.4,2,9,8.7,13,22,1,4,0.035,3,6.5,12,22,1.6
0.314999998,-0.001767423,0.4,2,9,8.7,13,22,1,4,0.035,3,6.5,12,22,1.6
0.330000013,-0.001659379,0.4,2,9,8.7,13,22,1,4,0.035,3,6.5,12,22,1.6
0.344999999,-0.001583197,0.4,2,9,8.7,13,22,1,4,0.035,3,6.5,12,22,1.6
0.360000014,-0.001544768,0.4,2,9,8.7,13,22,1,4,0.035,3,6.5,12,22,1.6
0.375,-0.001547378,0.4,2,9,8.7,13,22,1,4,0.035,3,6.5,12,22,1.6
0.389999986,-0.001594299,0.4,2,9,8.7,13,22,1,4,0.035,3,6.5,12,22,1.6
0.405000001,-0.001687701,0.4,2,9,8.7,13,22,1,4,0.035,3,6.5,12,22,1.6
0.419999987,-0.001833123,0.4,2,9,8.7,13,22,1,4,0.035,3,6.5,12,22,1.6
0.435000002,-0.002030054,0.4,2,9,8.7,13,22,1,4,0.035,3,6.5,12,22,1.6
0.449999988,-0.002285236,0.4,2,9,8.7,13,22,1,4,0.035,3,6.5,12,22,1.6
0.465000004,-0.002598364,0.4,2,9,8.7,13,22,1,4,0.035,3,6.5,12,22,1.6
0.479999989,-0.002971817,0.4,2,9,8.7,13,22,1,4,0.035,3,6.5,12,22,1.6
0.495000005,-0.003407882,0.4,2,9,8.7,13,22,1,4,0.035,3,6.5,12,22,1.6
0.50999999,-0.003910222,0.4,2,9,8.7,13,22,1,4,0.035,3,6.5,12,22,1.6
0.524999976,-0.004477604,0.4,2,9,8.7,13,22,1,4,0.035,3,6.5,12,22,1.6
0.540000021,-0.005109389,0.4,2,9,8.7,13,22,1,4,0.035,3,6.5,12,22,1.6
0.555000007,-0.005810103,0.4,2,9,8.7,13,22,1,4,0.035,3,6.5,12,22,1.6
0.569999993,-0.006578984,0.4,2,9,8.7,13,22,1,4,0.035,3,6.5,12,22,1.6
0.584999979,-0.007413862,0.4,2,9,8.7,13,22,1,4,0.035,3,6.5,12,22,1.6
0.600000024,-0.008314964,0.4,2,9,8.7,13,22,1,4,0.035,3,6.5,12,22,1.6
0.61500001,-0.009284517,0.4,2,9,8.7,13,22,1,4,0.035,3,6.5,12,22,1.6
0.629999995,-0.010318395,0.4,2,9,8.7,13,22,1,4,0.035,3,6.5,12,22,1.6
0.644999981,-0.011417456,0.4,2,9,8.7,13,22,1,4,0.035,3,6.5,12,22,1.6
0.660000026,-0.012577661,0.4,2,9,8.7,13,22,1,4,0.035,3,6.5,12,22,1.6
0.675000012,-0.013798773,0.4,2,9,8.7,13,22,1,4,0.035,3,6.5,12,22,1.6
0.689999998,-0.015078863,0.4,2,9,8.7,13,22,1,4,0.035,3,6.5,12,22,1.6
0.704999983,-0.016414402,0.4,2,9,8.7,13,22,1,4,0.035,3,6.5,12,22,1.6
0.720000029,-0.017804115,0.4,2,9,8.7,13,22,1,4,0.035,3,6.5,12,22,1.6
0.735000014,-0.019244232,0.4,2,9,8.7,13,22,1,4,0.035,3,6.5,12,22,1.6
0.75,-0.020731875,0.4,2,9,8.7,13,22,1,4,0.035,3,6.5,12,22,1.6
0.764999986,-0.022263494,0.4,2,9,8.7,13,22,1,4,0.035,3,6.5,12,22,1.6
0.779999971,-0.023835592,0.4,2,9,8.7,13,22,1,4,0.035,3,6.5,12,22,1.6
0.795000017,-0.025444265,0.4,2,9,8.7,13,22,1,4,0.035,3,6.5,12,22,1.6
0.810000002,-0.027088338,0.4,2,9,8.7,13,22,1,4,0.035,3,6.5,12,22,1.6
0.824999988,-0.028761339,0.4,2,9,8.7,13,22,1,4,0.035,3,6.5,12,22,1.6
0.839999974,-0.030461579,0.4,2,9,8.7,13,22,1,4,0.035,3,6.5,12,22,1.6
0.855000019,-0.032182475,0.4,2,9,8.7,13,22,1,4,0.035,3,6.5,12,22,1.6
0.870000005,-0.033923543,0.4,2,9,8.7,13,22,1,4,0.035,3,6.5,12,22,1.6
0.88499999,-0.035680458,0.4,2,9,8.7,13,22,1,4,0.035,3,6.5,12,22,1.6
0.899999976,-0.03744804,0.4,2,9,8.7,13,22,1,4,0.035,3,6.5,12,22,1.6
0.915000021,-0.039224567,0.4,2,9,8.7,13,22,1,4,0.035,3,6.5,12,22,1.6
0.930000007,-0.041006791,0.4,2,9,8.7,13,22,1,4,0.035,3,6.5,12,22,1.6
0.944999993,-0.042788943,0.4,2,9,8.7,13,22,1,4,0.035,3,6.5,12,22,1.6
0.959999979,-0.044571787,0.4,2,9,8.7,13,22,1,4,0.035,3,6.5,12,22,1.6
0.975000024,-0.046349099,0.4,2,9,8.7,13,22,1,4,0.035,3,6.5,12,22,1.6
0.99000001,-0.048121925,0.4,2,9,8.7,13,22,1,4,0.035,3,6.5,12,22,1.6
1.004999995,-0.049884957,0.4,2,9,8.7,13,22,1,4,0.035,3,6.5,12,22,1.6
1.019999981,-0.051638385,0.4,2,9,8.7,13,22,1,4,0.035,3,6.5,12,22,1.6
1.034999967,-0.053380491,0.4,2,9,8.7,13,22,1,4,0.035,3,6.5,12,22,1.6
1.049999952,-0.055109363,0.4,2,9,8.7,13,22,1,4,0.035,3,6.5,12,22,1.6
1.065000057,-0.056824206,0.4,2,9,8.7,13,22,1,4,0.035,3,6.5,12,22,1.6
1.080000043,-0.058524957,0.4,2,9,8.7,13,22,1,4,0.035,3,6.5,12,22,1.6
1.095000029,-0.060211146,0.4,2,9,8.7,13,22,1,4,0.035,3,6.5,12,22,1.6
1.110000014,-0.06188353,0.4,2,9,8.7,13,22,1,4,0.035,3,6.5,12,22,1.6
1.125,-0.063542241,0.4,2,9,8.7,13,22,1,4,0.035,3,6.5,12,22,1.6
1.139999986,-0.065188014,0.4,2,9,8.7,13,22,1,4,0.035,3,6.5,12,22,1.6
1.154999971,-0.066824299,0.4,2,9,8.7,13,22,1,4,0.035,3,6.5,12,22,1.6
1.169999957,-0.068451883,0.4,2,9,8.7,13,22,1,4,0.035,3,6.5,12,22,1.6
1.184999943,-0.070071472,0.4,2,9,8.7,13,22,1,4,0.035,3,6.5,12,22,1.6
1.200000048,-0.071688654,0.4,2,9,8.7,13,22,1,4,0.035,3,6.5,12,22,1.6
1.215000033,-0.073304493,0.4,2,9,8.7,13,22,1,4,0.035,3,6.5,12,22,1.6
1.230000019,-0.074923529,0.4,2,9,8.7,13,22,1,4,0.035,3,6.5,12,22,1.6
1.245000005,-0.076549909,0.4,2,9,8.7,13,22,1,4,0.035,3,6.5,12,22,1.6
1.25999999,-0.078186872,0.4,2,9,8.7,13,22,1,4,0.035,3,6.5,12,22,1.6
1.274999976,-0.079840221,0.4,2,9,8.7,13,22,1,4,0.035,3,6.5,12,22,1.6
1.289999962,-0.08151426,0.4,2,9,8.7,13,22,1,4,0.035,3,6.5,12,22,1.6
1.304999948,-0.083214714,0.4,2,9,8.7,13,22,1,4,0.035,3,6.5,12,22,1.6
1.320000052,-0.084947611,0.4,2,9,8.7,13,22,1,4,0.035,3,6.5,12,22,1.6
1.335000038,-0.086717398,0.4,2,9,8.7,13,22,1,4,0.035,3,6.5,12,22,1.6
1.350000024,-0.088531048,0.4,2,9,8.7,13,22,1,4,0.035,3,6.5,12,22,1.6
1.36500001,-0.090394757,0.4,2,9,8.7,13,22,1,4,0.035,3,6.5,12,22,1.6
1.379999995,-0.092316199,0.4,2,9,8.7,13,22,1,4,0.035,3,6.5,12,22,1.6
1.394999981,-0.094300509,0.4,2,9,8.7,13,22,1,4,0.035,3,6.5,12,22,1.6
1.409999967,-0.096354175,0.4,2,9,8.7,13,22,1,4,0.035,3,6.5,12,22,1.6
1.424999952,-0.098487618,0.4,2,9,8.7,13,22,1,4,0.035,3,6.5,12,22,1.6
1.440000057,-0.100704912,0.4,2,9,8.7,13,22,1,4,0.035,3,6.5,12,22,1.6
1.455000043,-0.103013178,0.4,2,9,8.7,13,22,1,4,0.035,3,6.5,12,22,1.6
1.470000029,-0.105421638,0.4,2,9,8.7,13,22,1,4,0.035,3,6.5,12,22,1.6
1.485000014,-0.107935874,0.4,2,9,8.7,13,22,1,4,0.035,3,6.5,12,22,1.6
1.5,-0.110564485,0.4,2,9,8.7,13,22,1,4,0.035,3,6.5,12,22,1.6
1.514999986,-0.113314507,0.4,2,9,8.7,13,22,1,4,0.035,3,6.5,12,22,1.6
1.529999971,-0.116192257,0.4,2,9,8.7,13,22,1,4,0.035,3,6.5,12,22,1.6
1.544999957,-0.119205983,0.4,2,9,8.7,13,22,1,4,0.035,3,6.5,12,22,1.6
1.559999943,-0.122362435,0.4,2,9,8.7,13,22,1,4,0.035,3,6.5,12,22,1.6
1.575000048,-0.125669067,0.4,2,9,8.7,13,22,1,4,0.035,3,6.5,12,22,1.6
1.590000033,-0.129131919,0.4,2,9,8.7,13,22,1,4,0.035,3,6.5,12,22,1.6
1.605000019,-0.1327587,0.4,2,9,8.7,13,22,1,4,0.035,3,6.5,12,22,1.6
1.620000005,-0.136554683,0.4,2,9,8.7,13,22,1,4,0.035,3,6.5,12,22,1.6
1.63499999,-0.140528523,0.4,2,9,8.7,13,22,1,4,0.035,3,6.5,12,22,1.6
1.649999976,-0.144685497,0.4,2,9,8.7,13,22,1,4,0.035,3,6.5,12,22,1.6
1.664999962,-0.149030066,0.4,2,9,8.7,13,22,1,4,0.035,3,6.5,12,22,1.6
1.679999948,-0.153572127,0.4,2,9,8.7,13,22,1,4,0.035,3,6.5,12,22,1.6
1.695000052,-0.15831504,0.4,2,9,8.7,13,22,1,4,0.035,3,6.5,12,22,1.6
1.710000038,-0.163266916,0.4,2,9,8.7,13,22,1,4,0.035,3,6.5,12,22,1.6
1.725000024,-0.168430935,0.4,2,9,8.7,13,22,1,4,0.035,3,6.5,12,22,1.6
1.74000001,-0.173812905,0.4,2,9,8.7,13,22,1,4,0.035,3,6.5,12,22,1.6
1.754999995,-0.179419964,0.4,2,9,8.7,13,22,1,4,0.035,3,6.5,12,22,1.6
1.769999981,-0.185253673,0.4,2,9,8.7,13,22,1,4,0.035,3,6.5,12,22,1.6
1.784999967,-0.191324622,0.4,2,9,8.7,13,22,1,4,0.035,3,6.5,12,22,1.6
1.799999952,-0.197634189,0.4,2,9,8.7,13,22,1,4,0.035,3,6.5,12,22,1.6
1.815000057,-0.20418806,0.4,2,9,8.7,13,22,1,4,0.035,3,6.5,12,22,1.6
1.830000043,-0.210991633,0.4,2,9,8.7,13,22,1,4,0.035,3,6.5,12,22,1.6
1.845000029,-0.218049963,0.4,2,9,8.7,13,22,1,4,0.035,3,6.5,12,22,1.6
1.860000014,-0.225367455,0.4,2,9,8.7,13,22,1,4,0.035,3,6.5,12,22,1.6
1.875,-0.232949203,0.4,2,9,8.7,13,22,1,4,0.035,3,6.5,12,22,1.6
1.889999986,-0.240802483,0.4,2,9,8.7,13,22,1,4,0.035,3,6.5,12,22,1.6
1.904999971,-0.248929889,0.4,2,9,8.7,13,22,1,4,0.035,3,6.5,12,22,1.6
1.919999957,-0.25733771,0.4,2,9,8.7,13,22,1,4,0.035,3,6.5,12,22,1.6
1.934999943,-0.266032422,0.4,2,9,8.7,13,22,1,4,0.035,3,6.5,12,22,1.6
1.950000048,-0.275017893,0.4,2,9,8.7,13,22,1,4,0.035,3,6.5,12,22,1.6
1.965000033,-0.284300237,0.4,2,9,8.7,13,22,1,4,0.035,3,6.5,12,22,1.6
1.980000019,-0.293886384,0.4,2,9,8.7,13,22,1,4,0.035,3,6.5,12,22,1.6
1.995000005,-0.303783767,0.4,2,9,8.7,13,22,1,4,0.035,3,6.5,12,22,1.6
2.00999999,-0.313997411,0.4,2,9,8.7,13,22,1,4,0.035,3,6.5,12,22,1.6
2.025000095,-0.324533994,0.4,2,9,8.7,13,22,1,4,0.035,3,6.5,12,22,1.6
2.039999962,-0.335402953,0.4,2,9,8.7,13,22,1,4,0.035,3,6.5,12,22,1.6
2.055000067,-0.346612099,0.4,2,9,8.7,13,22,1,4,0.035,3,6.5,12,22,1.6
2.069999933,-0.358169177,0.4,2,9,8.7,13,22,1,4,0.035,3,6.5,12,22,1.6
2.085000038,-0.370082239,0.4,2,9,8.7,13,22,1,4,0.035,3,6.5,12,22,1.6
2.099999905,-0.382361699,0.4,2,9,8.7,13,22,1,4,0.035,3,6.5,12,22,1.6
2.11500001,-0.395017806,0.4,2,9,8.7,13,22,1,4,0.035,3,6.5,12,22,1.6
2.130000114,-0.408060959,0.4,2,9,8.7,13,22,1,4,0.035,3,6.5,12,22,1.6
2.144999981,-0.421501552,0.4,2,9,8.7,13,22,1,4,0.035,3,6.5,12,22,1.6
2.160000086,-0.435351999,0.4,2,9,8.7,13,22,1,4,0.035,3,6.5,12,22,1.6
2.174999952,-0.449624708,0.4,2,9,8.7,13,22,1,4,0.035,3,6.5,12,22,1.6
2.190000057,-0.46433276,0.4,2,9,8.7,13,22,1,4,0.035,3,6.5,12,22,1.6
2.204999924,-0.479489066,0.4,2,9,8.7,13,22,1,4,0.035,3,6.5,12,22,1.6
2.220000029,-0.495110755,0.4,2,9,8.7,13,22,1,4,0.035,3,6.5,12,22,1.6
2.234999895,-0.511209214,0.4,2,9,8.7,13,22,1,4,0.035,3,6.5,12,22,1.6
2.25,-0.527802906,0.4,2,9,8.7,13,22,1,4,0.035,3,6.5,12,22,1.6
2.265000105,-0.544908352,0.4,2,9,8.7,13,22,1,4,0.035,3,6.5,12,22,1.6
2.279999971,-0.562541508,0.4,2,9,8.7,13,22,1,4,0.035,3,6.5,12,22,1.6
2.295000076,-0.580722689,0.4,2,9,8.7,13,22,1,4,0.035,3,6.5,12,22,1.6
2.309999943,-0.599468989,0.4,2,9,8.7,13,22,1,4,0.035,3,6.5,12,22,1.6
2.325000048,-0.618800751,0.4,2,9,8.7,13,22,1,4,0.035,3,6.5,12,22,1.6
2.339999914,-0.638737667,0.4,2,9,8.7,13,22,1,4,0.035,3,6.5,12,22,1.6
2.355000019,-0.65930209,0.4,2,9,8.7,13,22,1,4,0.035,3,6.5,12,22,1.6
2.369999886,-0.68051339,0.4,2,9,8.7,13,22,1,4,0.035,3,6.5,12,22,1.6
2.38499999,-0.702396635,0.4,2,9,8.7,13,22,1,4,0.035,3,6.5,12,22,1.6
2.400000095,-0.724973541,0.4,2,9,8.7,13,22,1,4,0.035,3,6.5,12,22,1.6
2.414999962,-0.748268769,0.4,2,9,8.7,13,22,1,4,0.035,3,6.5,12,22,1.6
2.430000067,-0.772307284,0.4,2,9,8.7,13,22,1,4,0.035,3,6.5,12,22,1.6
2.444999933,-0.797111801,0.4,2,9,8.7,13,22,1,4,0.035,3,6.5,12,22,1.6
2.460000038,-0.822710559,0.4,2,9,8.7,13,22,1,4,0.035,3,6.5,12,22,1.6
2.474999905,-0.849128783,0.4,2,9,8.7,13,22,1,4,0.035,3,6.5,12,22,1.6
2.49000001,-0.876394371,0.4,2,9,8.7,13,22,1,4,0.035,3,6.5,12,22,1.6
2.505000114,-0.904533497,0.4,2,9,8.7,13,22,1,4,0.035,3,6.5,12,22,1.6
2.519999981,-0.933575036,0.4,2,9,8.7,13,22,1,4,0.035,3,6.5,12,22,1.6
2.535000086,-0.963546169,0.4,2,9,8.7,13,22,1,4,0.035,3,6.5,12,22,1.6
2.549999952,-0.994478102,0.4,2,9,8.7,13,22,1,4,0.035,3,6.5,12,22,1.6
2.565000057,-1.026398811,0.4,2,9,8.7,13,22,1,4,0.035,3,6.5,12,22,1.6
2.579999924,-1.059337775,0.4,2,9,8.7,13,22,1,4,0.035,3,6.5,12,22,1.6
2.595000029,-1.093328613,0.4,2,9,8.7,13,22,1,4,0.035,3,6.5,12,22,1.6
2.609999895,-1.12839552,0.4,2,9,8.7,13,22,1,4,0.035,3,6.5,12,22,1.6
2.625,-1.164574621,0.4,2,9,8.7,13,22,1,4,0.035,3,6.5,12,22,1.6
2.640000105,-1.201896645,0.4,2,9,8.7,13,22,1,4,0.035,3,6.5,12,22,1.6
2.654999971,-1.240389723,0.4,2,9,8.7,13,22,1,4,0.035,3,6.5,12,22,1.6
2.670000076,-1.280088213,0.4,2,9,8.7,13,22,1,4,0.035,3,6.5,12,22,1.6
2.684999943,-1.321022335,0.4,2,9,8.7,13,22,1,4,0.035,3,6.5,12,22,1.6
2.700000048,-1.363225799,0.4,2,9,8.7,13,22,1,4,0.035,3,6.5,12,22,1.6
2.714999914,-1.406732432,0.4,2,9,8.7,13,22,1,4,0.035,3,6.5,12,22,1.6
2.730000019,-1.451569665,0.4,2,9,8.7,13,22,1,4,0.035,3,6.5,12,22,1.6
2.744999886,-1.497772761,0.4,2,9,8.7,13,22,1,4,0.035,3,6.5,12,22,1.6
2.75999999,-1.545374065,0.4,2,9,8.7,13,22,1,4,0.035,3,6.5,12,22,1.6
2.775000095,-1.594406507,0.4,2,9,8.7,13,22,1,4,0.035,3,6.5,12,22,1.6
2.789999962,-1.644901972,0.4,2,9,8.7,13,22,1,4,0.035,3,6.5,12,22,1.6
2.805000067,-1.69689457,0.4,2,9,8.7,13,22,1,4,0.035,3,6.5,12,22,1.6
2.819999933,-1.750415114,0.4,2,9,8.7,13,22,1,4,0.035,3,6.5,12,22,1.6
2.835000038,-1.805496294,0.4,2,9,8.7,13,22,1,4,0.035,3,6.5,12,22,1.6
2.849999905,-1.862170681,0.4,2,9,8.7,13,22,1,4,0.035,3,6.5,12,22,1.6
2.86500001,-1.920471899,0.4,2,9,8.7,13,22,1,4,0.035,3,6.5,12,22,1.6
2.880000114,-1.980430856,0.4,2,9,8.7,13,22,1,4,0.035,3,6.5,12,22,1.6
2.894999981,-2.042081891,0.4,2,9,8.7,13,22,1,4,0.035,3,6.5,12,22,1.6
2.910000086,-2.10545483,0.4,2,9,8.7,13,22,1,4,0.035,3,6.5,12,22,1.6
2.924999952,-2.170583134,0.4,2,9,8.7,13,22,1,4,0.035,3,6.5,12,22,1.6
2.940000057,-2.237499377,0.4,2,9,8.7,13,22,1,4,0.035,3,6.5,12,22,1.6
2.954999924,-2.306234005,0.4,2,9,8.7,13,22,1,4,0.035,3,6.5,12,22,1.6
2.970000029,-2.376819201,0.4,2,9,8.7,13,22,1,4,0.035,3,6.5,12,22,1.6
2.984999895,-2.449286465,0.4,2,9,8.7,13,22,1,4,0.035,3,6.5,12,22,1.6
3,-2.523667471,0.4,2,9,8.7,13,22,1,4,0.035,3,6.5,12,22,1.6
3.015000105,-2.599993817,0.4,2,9,8.7,13,22,1,4,0.035,3,6.5,12,22,1.6
3.029999971,-2.678295208,0.4,2,9,8.7,13,22,1,4,0.035,3,6.5,12,22,1.6
3.045000076,-2.758603778,0.4,2,9,8.7,13,22,1,4,0.035,3,6.5,12,22,1.6
3.059999943,-2.840950051,0.4,2,9,8.7,13,22,1,4,0.035,3,6.5,12,22,1.6
3.075000048,-2.925365608,0.4,2,9,8.7,13,22,1,4,0.035,3,6.5,12,22,1.6
3.089999914,-3.011878546,0.4,2,9,8.7,13,22,1,4,0.035,3,6.5,12,22,1.6
3.105000019,-3.100521025,0.4,2,9,8.7,13,22,1,4,0.035,3,6.5,12,22,1.6
3.119999886,-3.191322554,0.4,2,9,8.7,13,22,1,4,0.035,3,6.5,12,22,1.6
3.13499999,-3.284312444,0.4,2,9,8.7,13,22,1,4,0.035,3,6.5,12,22,1.6
3.150000095,-3.379522167,0.4,2,9,8.7,13,22,1,4,0.035,3,6.5,12,22,1.6
3.164999962,-3.476980851,0.4,2,9,8.7,13,22,1,4,0.035,3,6.5,12,22,1.6
3.180000067,-3.576717956,0.4,2,9,8.7,13,22,1,4,0.035,3,6.5,12,22,1.6
3.194999933,-3.678760496,0.4,2,9,8.7,13,22,1,4,0.035,3,6.5,12,22,1.6
3.210000038,-3.783141552,0.4,2,9,8.7,13,22,1,4,0.035,3,6.5,12,22,1.6
3.224999905,-3.889888875,0.4,2,9,8.7,13,22,1,4,0.035,3,6.5,12,22,1.6
3.24000001,-3.999030112,0.4,2,9,8.7,13,22,1,4,0.035,3,6.5,12,22,1.6
3.255000114,-4.110594588,0.4,2,9,8.7,13,22,1,4,0.035,3,6.5,12,22,1.6
3.269999981,-4.224612593,0.4,2,9,8.7,13,22,1,4,0.035,3,6.5,12,22,1.6
3.285000086,-4.341111854,0.4,2,9,8.7,13,22,1,4,0.035,3,6.5,12,22,1.6
3.299999952,-4.460120116,0.4,2,9,8.7,13,22,1,4,0.035,3,6.5,12,22,1.6
3.315000057,-4.581665274,0.4,2,9,8.7,13,22,1,4,0.035,3,6.5,12,22,1.6
3.329999924,-4.705778515,0.4,2,9,8.7,13,22,1,4,0.035,3,6.5,12,22,1.6
3.345000029,-4.832486662,0.4,2,9,8.7,13,22,1,4,0.035,3,6.5,12,22,1.6
3.359999895,-4.961817853,0.4,2,9,8.7,13,22,1,4,0.035,3,6.5,12,22,1.6
3.375,-5.093798683,0.4,2,9,8.7,13,22,1,4,0.035,3,6.5,12,22,1.6
3.390000105,-5.228459097,0.4,2,9,8.7,13,22,1,4,0.035,3,6.5,12,22,1.6
3.404999971,-5.365826219,0.4,2,9,8.7,13,22,1,4,0.035,3,6.5,12,22,1.6
3.420000076,-5.505927895,0.4,2,9,8.7,13,22,1,4,0.035,3,6.5,12,22,1.6
3.434999943,-5.64879297,0.4,2,9,8.7,13,22,1,4,0.035,3,6.5,12,22,1.6
3.450000048,-5.794446459,0.4,2,9,8.7,13,22,1,4,0.035,3,6.5,12,22,1.6
3.464999914,-5.942918961,0.4,2,9,8.7,13,22,1,4,0.035,3,6.5,12,22,1.6
3.480000019,-6.094235689,0.4,2,9,8.7,13,22,1,4,0.035,3,6.5,12,22,1.6
3.494999886,-6.248425513,0.4,2,9,8.7,13,22,1,4,0.035,3,6.5,12,22,1.6
3.50999999,-6.405513771,0.4,2,9,8.7,13,22,1,4,0.035,3,6.5,12,22,1.6
3.525000095,-6.565530098,0.4,2,9,8.7,13,22,1,4,0.035,3,6.5,12,22,1.6
3.539999962,-6.728498942,0.4,2,9,8.7,13,22,1,4,0.035,3,6.5,12,22,1.6
3.555000067,-6.894448955,0.4,2,9,8.7,13,22,1,4,0.035,3,6.5,12,22,1.6
3.569999933,-7.063405971,0.4,2,9,8.7,13,22,1,4,0.035,3,6.5,12,22,1.6
3.585000038,-7.235396496,0.4,2,9,8.7,13,22,1,4,0.035,3,6.5,12,22,1.6
3.599999905,-7.410446264,0.4,2,9,8.7,13,22,1,4,0.035,3,6.5,12,22,1.6
3.61500001,-7.588580865,0.4,2,9,8.7,13,22,1,4,0.035,3,6.5,12,22,1.6
3.630000114,-7.76982519,0.4,2,9,8.7,13,22,1,4,0.035,3,6.5,12,22,1.6
3.644999981,-7.954206288,0.4,2,9,8.7,13,22,1,4,0.035,3,6.5,12,22,1.6
3.660000086,-8.141745692,0.4,2,9,8.7,13,22,1,4,0.035,3,6.5,12,22,1.6
3.674999952,-8.332469003,0.4,2,9,8.7,13,22,1,4,0.035,3,6.5,12,22,1.6
3.690000057,-8.526398721,0.4,2,9,8.7,13,22,1,4,0.035,3,6.5,12,22,1.6
3.704999924,-8.723558772,0.4,2,9,8.7,13,22,1,4,0.035,3,6.5,12,22,1.6
3.720000029,-8.923969483,0.4,2,9,8.7,13,22,1,4,0.035,3,6.5,12,22,1.6
3.734999895,-9.127650757,0.4,2,9,8.7,13,22,1,4,0.035,3,6.5,12,22,1.6
3.75,-9.334622518,0.4,2,9,8.7,13,22,1,4,0.035,3,6.5,12,22,1.6
3.765000105,-9.544903846,0.4,2,9,8.7,13,22,1,4,0.035,3,6.5,12,22,1.6
3.779999971,-9.758511314,0.4,2,9,8.7,13,22,1,4,0.035,3,6.5,12,22,1.6
3.795000076,-9.975459686,0.4,2,9,8.7,13,22,1,4,0.035,3,6.5,12,22,1.6
3.809999943,-10.19575884,0.4,2,9,8.7,13,22,1,4,0.035,3,6.5,12,22,1.6
3.825000048,-10.41942547,0.4,2,9,8.7,13,22,1,4,0.035,3,6.5,12,22,1.6
3.839999914,-10.6464638,0.4,2,9,8.7,13,22,1,4,0.035,3,6.5,12,22,1.6
3.855000019,-10.87688244,0.4,2,9,8.7,13,22,1,4,0.035,3,6.5,12,22,1.6
3.869999886,-11.11068071,0.4,2,9,8.7,13,22,1,4,0.035,3,6.5,12,22,1.6
3.88499999,-11.34786013,0.4,2,9,8.7,13,22,1,4,0.035,3,6.5,12,22,1.6
3.900000095,-11.58841471,0.4,2,9,8.7,13,22,1,4,0.035,3,6.5,12,22,1.6
3.914999962,-11.83233399,0.4,2,9,8.7,13,22,1,4,0.035,3,6.5,12,22,1.6
3.930000067,-12.07960625,0.4,2,9,8.7,13,22,1,4,0.035,3,6.5,12,22,1.6
3.944999933,-12.33020924,0.4,2,9,8.7,13,22,1,4,0.035,3,6.5,12,22,1.6
3.960000038,-12.58411683,0.4,2,9,8.7,13,22,1,4,0.035,3,6.5,12,22,1.6
3.974999905,-12.84129514,0.4,2,9,8.7,13,22,1,4,0.035,3,6.5,12,22,1.6
3.99000001,-13.10170275,0.4,2,9,8.7,13,22,1,4,0.035,3,6.5,12,22,1.6
4.005000114,-13.36529075,0.4,2,9,8.7,13,22,1,4,0.035,3,6.5,12,22,1.6
4.019999981,-13.6319968,0.4,2,9,8.7,13,22,1,4,0.035,3,6.5,12,22,1.6
4.034999847,-13.9017502,0.4,2,9,8.7,13,22,1,4,0.035,3,6.5,12,22,1.6
4.050000191,-14.17446932,0.4,2,9,8.7,13,22,1,4,0.035,3,6.5,12,22,1.6
4.065000057,-14.4500549,0.4,2,9,8.7,13,22,1,4,0.035,3,6.5,12,22,1.6
4.079999924,-14.72839848,0.4,2,9,8.7,13,22,1,4,0.035,3,6.5,12,22,1.6
4.09499979,-15.00937067,0.4,2,9,8.7,13,22,1,4,0.035,3,6.5,12,22,1.6
4.110000134,-15.29282502,0.4,2,9,8.7,13,22,1,4,0.035,3,6.5,12,22,1.6
4.125,-15.57859852,0.4,2,9,8.7,13,22,1,4,0.035,3,6.5,12,22,1.6
4.139999866,-15.86650359,0.4,2,9,8.7,13,22,1,4,0.035,3,6.5,12,22,1.6
4.15500021,-16.15633169,0.4,2,9,8.7,13,22,1,4,0.035,3,6.5,12,22,1.6
4.170000076,-16.44784816,0.4,2,9,8.7,13,22,1,4,0.035,3,6.5,12,22,1.6
4.184999943,-16.74079185,0.4,2,9,8.7,13,22,1,4,0.035,3,6.5,12,22,1.6
4.199999809,-17.03487374,0.4,2,9,8.7,13,22,1,4,0.035,3,6.5,12,22,1.6
4.215000153,-17.32977591,0.4,2,9,8.7,13,22,1,4,0.035,3,6.5,12,22,1.6
4.230000019,-17.62514666,0.4,2,9,8.7,13,22,1,4,0.035,3,6.5,12,22,1.6
4.244999886,-17.92060315,0.4,2,9,8.7,13,22,1,4,0.035,3,6.5,12,22,1.6
4.260000229,-18.21572769,0.4,2,9,8.7,13,22,1,4,0.035,3,6.5,12,22,1.6
4.275000095,-18.51007141,0.4,2,9,8.7,13,22,1,4,0.035,3,6.5,12,22,1.6
4.289999962,-18.8031509,0.4,2,9,8.7,13,22,1,4,0.035,3,6.5,12,22,1.6
4.304999828,-19.0944508,0.4,2,9,8.7,13,22,1,4,0.035,3,6.5,12,22,1.6
4.320000172,-19.38342476,0.4,2,9,8.7,13,22,1,4,0.035,3,6.5,12,22,1.6
4.335000038,-19.66949994,0.4,2,9,8.7,13,22,1,4,0.035,3,6.5,12,22,1.6
4.349999905,-19.95208059,0.4,2,9,8.7,13,22,1,4,0.035,3,6.5,12,22,1.6
4.364999771,-20.23055131,0.4,2,9,8.7,13,22,1,4,0.035,3,6.5,12,22,1.6
4.380000114,-20.50428858,0.4,2,9,8.7,13,22,1,4,0.035,3,6.5,12,22,1.6
4.394999981,-20.77266695,0.4,2,9,8.7,13,22,1,4,0.035,3,6.5,12,22,1.6
4.409999847,-21.03506278,0.4,2,9,8.7,13,22,1,4,0.035,3,6.5,12,22,1.6
4.425000191,-21.29087373,0.4,2,9,8.7,13,22,1,4,0.035,3,6.5,12,22,1.6
4.440000057,-21.53952511,0.4,2,9,8.7,13,22,1,4,0.035,3,6.5,12,22,1.6
4.454999924,-21.78048102,0.4,2,9,8.7,13,22,1,4,0.035,3,6.5,12,22,1.6
4.46999979,-22.01326159,0.4,2,9,8.7,13,22,1,4,0.035,3,6.5,12,22,1.6
4.485000134,-22.23744942,0.4,2,9,8.7,13,22,1,4,0.035,3,6.5,12,22,1.6
4.5,-22.4527051,0.4,2,9,8.7,13,22,1,4,0.035,3,6.5,12,22,1.6
4.514999866,-22.65877356,0.4,2,9,8.7,13,22,1,4,0.035,3,6.5,12,22,1.6
4.53000021,-22.85549537,0.4,2,9,8.7,13,22,1,4,0.035,3,6.5,12,22,1.6
4.545000076,-23.04281111,0.4,2,9,8.7,13,22,1,4,0.035,3,6.5,12,22,1.6
4.559999943,-23.2207653,0.4,2,9,8.7,13,22,1,4,0.035,3,6.5,12,22,1.6
4.574999809,-23.38950544,0.4,2,9,8.7,13,22,1,4,0.035,3,6.5,12,22,1.6
4.590000153,-23.54928304,0.4,2,9,8.7,13,22,1,4,0.035,3,6.5,12,22,1.6
4.605000019,-23.70044983,0.4,2,9,8.7,13,22,1,4,0.035,3,6.5,12,22,1.6
4.619999886,-23.84344551,0.4,2,9,8.7,13,22,1,4,0.035,3,6.5,12,22,1.6
4.635000229,-23.97879267,0.4,2,9,8.7,13,22,1,4,0.035,3,6.5,12,22,1.6
4.650000095,-24.10708788,0.4,2,9,8.7,13,22,1,4,0.035,3,6.5,12,22,1.6
4.664999962,-24.22898984,0.4,2,9,8.7,13,22,1,4,0.035,3,6.5,12,22,1.6
4.679999828,-24.34520283,0.4,2,9,8.7,13,22,1,4,0.035,3,6.5,12,22,1.6
4.695000172,-24.45647447,0.4,2,9,8.7,13,22,1,4,0.035,3,6.5,12,22,1.6
4.710000038,-24.56357389,0.4,2,9,8.7,13,22,1,4,0.035,3,6.5,12,22,1.6
4.724999905,-24.66729431,0.4,2,9,8.7,13,22,1,4,0.035,3,6.5,12,22,1.6
4.739999771,-24.76843192,0.4,2,9,8.7,13,22,1,4,0.035,3,6.5,12,22,1.6
4.755000114,-24.86778725,0.4,2,9,8.7,13,22,1,4,0.035,3,6.5,12,22,1.6
4.769999981,-24.96615395,0.4,2,9,8.7,13,22,1,4,0.035,3,6.5,12,22,1.6
4.784999847,-25.06431808,0.4,2,9,8.7,13,22,1,4,0.035,3,6.5,12,22,1.6
4.800000191,-25.1630491,0.4,2,9,8.7,13,22,1,4,0.035,3,6.5,12,22,1.6
4.815000057,-25.26310608,0.4,2,9,8.7,13,22,1,4,0.035,3,6.5,12,22,1.6
4.829999924,-25.36522778,0.4,2,9,8.7,13,22,1,4,0.035,3,6.5,12,22,1.6
4.84499979,-25.47014065,0.4,2,9,8.7,13,22,1,4,0.035,3,6.5,12,22,1.6
4.860000134,-25.5785532,0.4,2,9,8.7,13,22,1,4,0.035,3,6.5,12,22,1.6
4.875,-25.69116894,0.4,2,9,8.7,13,22,1,4,0.035,3,6.5,12,22,1.6
4.889999866,-25.80867683,0.4,2,9,8.7,13,22,1,4,0.035,3,6.5,12,22,1.6
4.90500021,-25.93176257,0.4,2,9,8.7,13,22,1,4,0.035,3,6.5,12,22,1.6
4.920000076,-26.06111267,0.4,2,9,8.7,13,22,1,4,0.035,3,6.5,12,22,1.6
4.934999943,-26.1974184,0.4,2,9,8.7,13,22,1,4,0.035,3,6.5,12,22,1.6
4.949999809,-26.3413793,0.4,2,9,8.7,13,22,1,4,0.035,3,6.5,12,22,1.6
4.965000153,-26.49371791,0.4,2,9,8.7,13,22,1,4,0.035,3,6.5,12,22,1.6
4.980000019,-26.65517465,0.4,2,9,8.7,13,22,1,4,0.035,3,6.5,12,22,1.6
4.994999886,-26.82652882,0.4,2,9,8.7,13,22,1,4,0.035,3,6.5,12,22,1.6
5.010000229,-27.00859953,0.4,2,9,8.7,13,22,1,4,0.035,3,6.5,12,22,1.6
5.025000095,-27.2022589,0.4,2,9,8.7,13,22,1,4,0.035,3,6.5,12,22,1.6
5.039999962,-27.4084464,0.4,2,9,8.7,13,22,1,4,0.035,3,6.5,12,22,1.6
5.054999828,-27.62818092,0.4,2,9,8.7,13,22,1,4,0.035,3,6.5,12,22,1.6
5.070000172,-27.86257663,0.4,2,9,8.7,13,22,1,4,0.035,3,6.5,12,22,1.6
5.085000038,-28.11286518,0.4,2,9,8.7,13,22,1,4,0.035,3,6.5,12,22,1.6
5.099999905,-28.38042007,0.4,2,9,8.7,13,22,1,4,0.035,3,6.5,12,22,1.6
5.114999771,-28.66678175,0.4,2,9,8.7,13,22,1,4,0.035,3,6.5,12,22,1.6
5.130000114,-28.9736968,0.4,2,9,8.7,13,22,1,4,0.035,3,6.5,12,22,1.6
5.144999981,-29.3031623,0.4,2,9,8.7,13,22,1,4,0.035,3,6.5,12,22,1.6
5.159999847,-29.65747583,0.4,2,9,8.7,13,22,1,4,0.035,3,6.5,12,22,1.6
5.175000191,-30.0393161,0.4,2,9,8.7,13,22,1,4,0.035,3,6.5,12,22,1.6
5.190000057,-30.45182799,0.4,2,9,8.7,13,22,1,4,0.035,3,6.5,12,22,1.6
5.204999924,-30.89874388,0.4,2,9,8.7,13,22,1,4,0.035,3,6.5,12,22,1.6
5.21999979,-31.38454806,0.4,2,9,8.7,13,22,1,4,0.035,3,6.5,12,22,1.6
5.235000134,-31.91469541,0.4,2,9,8.7,13,22,1,4,0.035,3,6.5,12,22,1.6
5.25,-32.49591861,0.4,2,9,8.7,13,22,1,4,0.035,3,6.5,12,22,1.6
5.264999866,-33.13666321,0.4,2,9,8.7,13,22,1,4,0.035,3,6.5,12,22,1.6
5.28000021,-33.84772907,0.4,2,9,8.7,13,22,1,4,0.035,3,6.5,12,22,1.6
5.295000076,-34.64323799,0.4,2,9,8.7,13,22,1,4,0.035,3,6.5,12,22,1.6
5.309999943,-35.54215689,0.4,2,9,8.7,13,22,1,4,0.035,3,6.5,12,22,1.6
5.324999809,-36.57080365,0.4,2,9,8.7,13,22,1,4,0.035,3,6.5,12,22,1.6
5.340000153,-37.76721116,0.4,2,9,8.7,13,22,1,4,0.035,3,6.5,12,22,1.6
5.355000019,-39.18931733,0.4,2,9,8.7,13,22,1,4,0.035,3,6.5,12,22,1.6
5.369999886,-40.93180019,0.4,2,9,8.7,13,22,1,4,0.035,3,6.5,12,22,1.6
5.385000229,-43.16555693,0.4,2,9,8.7,13,22,1,4,0.035,3,6.5,12,22,1.6
5.400000095,-46.24991487,0.4,2,9,8.7,13,22,1,4,0.035,3,6.5,12,22,1.6
5.414999962,-51.17304301,0.4,2,9,8.7,13,22,1,4,0.035,3,6.5,12,22,1.6
5.429999828,-62.7127617,0.4,2,9,8.7,13,22,1,4,0.035,3,6.5,12,22,1.6
5.445000172,-55.29062106,0.4,2,9,8.7,13,22,1,4,0.035,3,6.5,12,22,1.6
5.460000038,-48.1147868,0.4,2,9,8.7,13,22,1,4,0.035,3,6.5,12,22,1.6
5.474999905,-44.14489868,0.4,2,9,8.7,13,22,1,4,0.035,3,6.5,12,22,1.6
5.489999771,-41.38481904,0.4,2,9,8.7,13,22,1,4,0.035,3,6.5,12,22,1.6
5.505000114,-39.26119809,0.4,2,9,8.7,13,22,1,4,0.035,3,6.5,12,22,1.6
5.519999981,-37.5308072,0.4,2,9,8.7,13,22,1,4,0.035,3,6.5,12,22,1.6
5.534999847,-36.06778925,0.4,2,9,8.7,13,22,1,4,0.035,3,6.5,12,22,1.6
5.550000191,-34.79856307,0.4,2,9,8.7,13,22,1,4,0.035,3,6.5,12,22,1.6
5.565000057,-33.67638264,0.4,2,9,8.7,13,22,1,4,0.035,3,6.5,12,22,1.6
5.579999924,-32.66969829,0.4,2,9,8.7,13,22,1,4,0.035,3,6.5,12,22,1.6
5.59499979,-31.75620359,0.4,2,9,8.7,13,22,1,4,0.035,3,6.5,12,22,1.6
5.610000134,-30.91955325,0.4,2,9,8.7,13,22,1,4,0.035,3,6.5,12,22,1.6
5.625,-30.14740278,0.4,2,9,8.7,13,22,1,4,0.035,3,6.5,12,22,1.6
5.639999866,-29.43020657,0.4,2,9,8.7,13,22,1,4,0.035,3,6.5,12,22,1.6
5.65500021,-28.76042596,0.4,2,9,8.7,13,22,1,4,0.035,3,6.5,12,22,1.6
5.670000076,-28.13200739,0.4,2,9,8.7,13,22,1,4,0.035,3,6.5,12,22,1.6
5.684999943,-27.54001068,0.4,2,9,8.7,13,22,1,4,0.035,3,6.5,12,22,1.6
5.699999809,-26.98035327,0.4,2,9,8.7,13,22,1,4,0.035,3,6.5,12,22,1.6
5.715000153,-26.44962768,0.4,2,9,8.7,13,22,1,4,0.035,3,6.5,12,22,1.6
5.730000019,-25.94494631,0.4,2,9,8.7,13,22,1,4,0.035,3,6.5,12,22,1.6
5.744999886,-25.46385646,0.4,2,9,8.7,13,22,1,4,0.035,3,6.5,12,22,1.6
5.760000229,-25.00424682,0.4,2,9,8.7,13,22,1,4,0.035,3,6.5,12,22,1.6
5.775000095,-24.56428926,0.4,2,9,8.7,13,22,1,4,0.035,3,6.5,12,22,1.6
5.789999962,-24.14238957,0.4,2,9,8.7,13,22,1,4,0.035,3,6.5,12,22,1.6
5.804999828,-23.73714906,0.4,2,9,8.7,13,22,1,4,0.035,3,6.5,12,22,1.6
5.820000172,-23.34733526,0.4,2,9,8.7,13,22,1,4,0.035,3,6.5,12,22,1.6
5.835000038,-22.97185502,0.4,2,9,8.7,13,22,1,4,0.035,3,6.5,12,22,1.6
5.849999905,-22.60973332,0.4,2,9,8.7,13,22,1,4,0.035,3,6.5,12,22,1.6
5.864999771,-22.26009674,0.4,2,9,8.7,13,22,1,4,0.035,3,6.5,12,22,1.6
5.880000114,-21.9221627,0.4,2,9,8.7,13,22,1,4,0.035,3,6.5,12,22,1.6
5.894999981,-21.59522208,0.4,2,9,8.7,13,22,1,4,0.035,3,6.5,12,22,1.6
5.909999847,-21.27863447,0.4,2,9,8.7,13,22,1,4,0.035,3,6.5,12,22,1.6
5.925000191,-20.97181718,0.4,2,9,8.7,13,22,1,4,0.035,3,6.5,12,22,1.6
5.940000057,-20.67423831,0.4,2,9,8.7,13,22,1,4,0.035,3,6.5,12,22,1.6
5.954999924,-20.38541283,0.4,2,9,8.7,13,22,1,4,0.035,3,6.5,12,22,1.6
5.96999979,-20.10489453,0.4,2,9,8.7,13,22,1,4,0.035,3,6.5,12,22,1.6
5.985000134,-19.83227463,0.4,2,9,8.7,13,22,1,4,0.035,3,6.5,12,22,1.6
6,-19.5671735,0.4,2,9,8.7,13,22,1,4,0.035,3,6.5,12,22,1.6
6.014999866,-19.30924437,0.4,2,9,8.7,13,22,1,4,0.035,3,6.5,12,22,1.6
6.03000021,-19.05816234,0.4,2,9,8.7,13,22,1,4,0.035,3,6.5,12,22,1.6
6.045000076,-18.81362567,0.4,2,9,8.7,13,22,1,4,0.035,3,6.5,12,22,1.6
6.059999943,-18.57535572,0.4,2,9,8.7,13,22,1,4,0.035,3,6.5,12,22,1.6
6.074999809,-18.34309102,0.4,2,9,8.7,13,22,1,4,0.035,3,6.5,12,22,1.6
6.090000153,-18.11659012,0.4,2,9,8.7,13,22,1,4,0.035,3,6.5,12,22,1.6
6.105000019,-17.89562245,0.4,2,9,8.7,13,22,1,4,0.035,3,6.5,12,22,1.6
6.119999886,-17.67997481,0.4,2,9,8.7,13,22,1,4,0.035,3,6.5,12,22,1.6
6.135000229,-17.46944715,0.4,2,9,8.7,13,22,1,4,0.035,3,6.5,12,22,1.6
6.150000095,-17.26385007,0.4,2,9,8.7,13,22,1,4,0.035,3,6.5,12,22,1.6
6.164999962,-17.06300359,0.4,2,9,8.7,13,22,1,4,0.035,3,6.5,12,22,1.6
6.179999828,-16.86674295,0.4,2,9,8.7,13,22,1,4,0.035,3,6.5,12,22,1.6
6.195000172,-16.67490693,0.4,2,9,8.7,13,22,1,4,0.035,3,6.5,12,22,1.6
6.210000038,-16.48734555,0.4,2,9,8.7,13,22,1,4,0.035,3,6.5,12,22,1.6
6.224999905,-16.30391534,0.4,2,9,8.7,13,22,1,4,0.035,3,6.5,12,22,1.6
6.239999771,-16.12448219,0.4,2,9,8.7,13,22,1,4,0.035,3,6.5,12,22,1.6
6.255000114,-15.94891744,0.4,2,9,8.7,13,22,1,4,0.035,3,6.5,12,22,1.6
6.269999981,-15.7770991,0.4,2,9,8.7,13,22,1,4,0.035,3,6.5,12,22,1.6
6.284999847,-15.60890706,0.4,2,9,8.7,13,22,1,4,0.035,3,6.5,12,22,1.6
6.300000191,-15.44423321,0.4,2,9,8.7,13,22,1,4,0.035,3,6.5,12,22,1.6
6.315000057,-15.28297187,0.4,2,9,8.7,13,22,1,4,0.035,3,6.5,12,22,1.6
6.329999924,-15.12501856,0.4,2,9,8.7,13,22,1,4,0.035,3,6.5,12,22,1.6
6.34499979,-14.97027787,0.4,2,9,8.7,13,22,1,4,0.035,3,6.5,12,22,1.6
6.360000134,-14.81865644,0.4,2,9,8.7,13,22,1,4,0.035,3,6.5,12,22,1.6
6.375,-14.67006477,0.4,2,9,8.7,13,22,1,4,0.035,3,6.5,12,22,1.6
6.389999866,-14.52441674,0.4,2,9,8.7,13,22,1,4,0.035,3,6.5,12,22,1.6
6.40500021,-14.38163149,0.4,2,9,8.7,13,22,1,4,0.035,3,6.5,12,22,1.6
6.420000076,-14.24162696,0.4,2,9,8.7,13,22,1,4,0.035,3,6.5,12,22,1.6
6.434999943,-14.10432937,0.4,2,9,8.7,13,22,1,4,0.035,3,6.5,12,22,1.6
6.449999809,-13.96966474,0.4,2,9,8.7,13,22,1,4,0.035,3,6.5,12,22,1.6
6.465000153,-13.83756201,0.4,2,9,8.7,13,22,1,4,0.035,3,6.5,12,22,1.6
6.480000019,-13.70795134,0.4,2,9,8.7,13,22,1,4,0.035,3,6.5,12,22,1.6
6.494999886,-13.58076952,0.4,2,9,8.7,13,22,1,4,0.035,3,6.5,12,22,1.6
6.510000229,-13.45595089,0.4,2,9,8.7,13,22,1,4,0.035,3,6.5,12,22,1.6
6.525000095,-13.33343535,0.4,2,9,8.7,13,22,1,4,0.035,3,6.5,12,22,1.6
6.539999962,-13.21316307,0.4,2,9,8.7,13,22,1,4,0.035,3,6.5,12,22,1.6
6.554999828,-13.09507597,0.4,2,9,8.7,13,22,1,4,0.035,3,6.5,12,22,1.6
6.570000172,-12.97911665,0.4,2,9,8.7,13,22,1,4,0.035,3,6.5,12,22,1.6
6.585000038,-12.865235,0.4,2,9,8.7,13,22,1,4,0.035,3,6.5,12,22,1.6
6.599999905,-12.75337543,0.4,2,9,8.7,13,22,1,4,0.035,3,6.5,12,22,1.6
6.614999771,-12.64348805,0.4,2,9,8.7,13,22,1,4,0.035,3,6.5,12,22,1.6
6.630000114,-12.53552371,0.4,2,9,8.7,13,22,1,4,0.035,3,6.5,12,22,1.6
6.644999981,-12.42943527,0.4,2,9,8.7,13,22,1,4,0.035,3,6.5,12,22,1.6
6.659999847,-12.32517498,0.4,2,9,8.7,13,22,1,4,0.035,3,6.5,12,22,1.6
6.675000191,-12.22269938,0.4,2,9,8.7,13,22,1,4,0.035,3,6.5,12,22,1.6
6.690000057,-12.12196379,0.4,2,9,8.7,13,22,1,4,0.035,3,6.5,12,22,1.6
6.704999924,-12.02292424,0.4,2,9,8.7,13,22,1,4,0.035,3,6.5,12,22,1.6
6.71999979,-11.92554374,0.4,2,9,8.7,13,22,1,4,0.035,3,6.5,12,22,1.6
6.735000134,-11.82977809,0.4,2,9,8.7,13,22,1,4,0.035,3,6.5,12,22,1.6
6.75,-11.73558894,0.4,2,9,8.7,13,22,1,4,0.035,3,6.5,12,22,1.6
6.764999866,-11.64294048,0.4,2,9,8.7,13,22,1,4,0.035,3,6.5,12,22,1.6
6.78000021,-11.55179378,0.4,2,9,8.7,13,22,1,4,0.035,3,6.5,12,22,1.6
6.795000076,-11.46211524,0.4,2,9,8.7,13,22,1,4,0.035,3,6.5,12,22,1.6
6.809999943,-11.37386921,0.4,2,9,8.7,13,22,1,4,0.035,3,6.5,12,22,1.6
6.824999809,-11.28702071,0.4,2,9,8.7,13,22,1,4,0.035,3,6.5,12,22,1.6
6.840000153,-11.20153875,0.4,2,9,8.7,13,22,1,4,0.035,3,6.5,12,22,1.6
6.855000019,-11.11739062,0.4,2,9,8.7,13,22,1,4,0.035,3,6.5,12,22,1.6
6.869999886,-11.03454555,0.4,2,9,8.7,13,22,1,4,0.035,3,6.5,12,22,1.6
6.885000229,-10.9529749,0.4,2,9,8.7,13,22,1,4,0.035,3,6.5,12,22,1.6
6.900000095,-10.87264842,0.4,2,9,8.7,13,22,1,4,0.035,3,6.5,12,22,1.6
6.914999962,-10.79353905,0.4,2,9,8.7,13,22,1,4,0.035,3,6.5,12,22,1.6
6.929999828,-10.71561768,0.4,2,9,8.7,13,22,1,4,0.035,3,6.5,12,22,1.6
6.945000172,-10.63885998,0.4,2,9,8.7,13,22,1,4,0.035,3,6.5,12,22,1.6
6.960000038,-10.56323927,0.4,2,9,8.7,13,22,1,4,0.035,3,6.5,12,22,1.6
6.974999905,-10.48873088,0.4,2,9,8.7,13,22,1,4,0.035,3,6.5,12,22,1.6
6.989999771,-10.41531373,0.4,2,9,8.7,13,22,1,4,0.035,3,6.5,12,22,1.6
7.005000114,-10.34296129,0.4,2,9,8.7,13,22,1,4,0.035,3,6.5,12,22,1.6
7.019999981,-10.27165214,0.4,2,9,8.7,13,22,1,4,0.035,3,6.5,12,22,1.6
7.034999847,-10.20136746,0.4,2,9,8.7,13,22,1,4,0.035,3,6.5,12,22,1.6
7.050000191,-10.13208448,0.4,2,9,8.7,13,22,1,4,0.035,3,6.5,12,22,1.6
7.065000057,-10.0637834,0.4,2,9,8.7,13,22,1,4,0.035,3,6.5,12,22,1.6
7.079999924,-9.996447457,0.4,2,9,8.7,13,22,1,4,0.035,3,6.5,12,22,1.6
7.09499979,-9.930057141,0.4,2,9,8.7,13,22,1,4,0.035,3,6.5,12,22,1.6
7.110000134,-9.864594555,0.4,2,9,8.7,13,22,1,4,0.035,3,6.5,12,22,1.6
7.125,-9.800044067,0.4,2,9,8.7,13,22,1,4,0.035,3,6.5,12,22,1.6
7.139999866,-9.736389376,0.4,2,9,8.7,13,22,1,4,0.035,3,6.5,12,22,1.6
7.15500021,-9.673617144,0.4,2,9,8.7,13,22,1,4,0.035,3,6.5,12,22,1.6
7.170000076,-9.611711529,0.4,2,9,8.7,13,22,1,4,0.035,3,6.5,12,22,1.6
7.184999943,-9.550658806,0.4,2,9,8.7,13,22,1,4,0.035,3,6.5,12,22,1.6
7.199999809,-9.490447429,0.4,2,9,8.7,13,22,1,4,0.035,3,6.5,12,22,1.6
7.215000153,-9.431064161,0.4,2,9,8.7,13,22,1,4,0.035,3,6.5,12,22,1.6
7.230000019,-9.372498868,0.4,2,9,8.7,13,22,1,4,0.035,3,6.5,12,22,1.6
7.244999886,-9.314740101,0.4,2,9,8.7,13,22,1,4,0.035,3,6.5,12,22,1.6
7.260000229,-9.257778605,0.4,2,9,8.7,13,22,1,4,0.035,3,6.5,12,22,1.6
7.275000095,-9.201604244,0.4,2,9,8.7,13,22,1,4,0.035,3,6.5,12,22,1.6
7.289999962,-9.146208627,0.4,2,9,8.7,13,22,1,4,0.035,3,6.5,12,22,1.6
7.304999828,-9.09158309,0.4,2,9,8.7,13,22,1,4,0.035,3,6.5,12,22,1.6
7.320000172,-9.037724051,0.4,2,9,8.7,13,22,1,4,0.035,3,6.5,12,22,1.6
7.335000038,-8.984618808,0.4,2,9,8.7,13,22,1,4,0.035,3,6.5,12,22,1.6
7.349999905,-8.932266139,0.4,2,9,8.7,13,22,1,4,0.035,3,6.5,12,22,1.6
7.364999771,-8.880657049,0.4,2,9,8.7,13,22,1,4,0.035,3,6.5,12,22,1.6
7.380000114,-8.829790322,0.4,2,9,8.7,13,22,1,4,0.035,3,6.5,12,22,1.6
7.394999981,-8.779657206,0.4,2,9,8.7,13,22,1,4,0.035,3,6.5,12,22,1.6
7.409999847,-8.730255753,0.4,2,9,8.7,13,22,1,4,0.035,3,6.5,12,22,1.6
7.425000191,-8.681582519,0.4,2,9,8.7,13,22,1,4,0.035,3,6.5,12,22,1.6
7.440000057,-8.63363456,0.4,2,9,8.7,13,22,1,4,0.035,3,6.5,12,22,1.6
7.454999924,-8.586407676,0.4,2,9,8.7,13,22,1,4,0.035,3,6.5,12,22,1.6
7.46999979,-8.53990063,0.4,2,9,8.7,13,22,1,4,0.035,3,6.5,12,22,1.6
7.485000134,-8.494111971,0.4,2,9,8.7,13,22,1,4,0.035,3,6.5,12,22,1.6
7.5,-8.449040127,0.4,2,9,8.7,13,22,1,4,0.035,3,6.5,12,22,1.6
7.514999866,-8.404681506,0.4,2,9,8.7,13,22,1,4,0.035,3,6.5,12,22,1.6
7.53000021,-8.361038566,0.4,2,9,8.7,13,22,1,4,0.035,3,6.5,12,22,1.6
7.545000076,-8.31810746,0.4,2,9,8.7,13,22,1,4,0.035,3,6.5,12,22,1.6
7.559999943,-8.275890099,0.4,2,9,8.7,13,22,1,4,0.035,3,6.5,12,22,1.6
7.574999809,-8.234385117,0.4,2,9,8.7,13,22,1,4,0.035,3,6.5,12,22,1.6
7.590000153,-8.193589757,0.4,2,9,8.7,13,22,1,4,0.035,3,6.5,12,22,1.6
7.605000019,-8.153508398,0.4,2,9,8.7,13,22,1,4,0.035,3,6.5,12,22,1.6
7.619999886,-8.114136511,0.4,2,9,8.7,13,22,1,4,0.035,3,6.5,12,22,1.6
7.635000229,-8.07547833,0.4,2,9,8.7,13,22,1,4,0.035,3,6.5,12,22,1.6
7.650000095,-8.037529977,0.4,2,9,8.7,13,22,1,4,0.035,3,6.5,12,22,1.6
7.664999962,-8.000293685,0.4,2,9,8.7,13,22,1,4,0.035,3,6.5,12,22,1.6
7.679999828,-7.963768102,0.4,2,9,8.7,13,22,1,4,0.035,3,6.5,12,22,1.6
7.695000172,-7.927954219,0.4,2,9,8.7,13,22,1,4,0.035,3,6.5,12,22,1.6
7.710000038,-7.892849661,0.4,2,9,8.7,13,22,1,4,0.035,3,6.5,12,22,1.6
7.724999905,-7.858455898,0.4,2,9,8.7,13,22,1,4,0.035,3,6.5,12,22,1.6
7.739999771,-7.824769228,0.4,2,9,8.7,13,22,1,4,0.035,3,6.5,12,22,1.6
7.755000114,-7.791791451,0.4,2,9,8.7,13,22,1,4,0.035,3,6.5,12,22,1.6
7.769999981,-7.759520999,0.4,2,9,8.7,13,22,1,4,0.035,3,6.5,12,22,1.6
7.784999847,-7.727953289,0.4,2,9,8.7,13,22,1,4,0.035,3,6.5,12,22,1.6
7.800000191,-7.697089053,0.4,2,9,8.7,13,22,1,4,0.035,3,6.5,12,22,1.6
7.815000057,-7.66692424,0.4,2,9,8.7,13,22,1,4,0.035,3,6.5,12,22,1.6
7.829999924,-7.63745687,0.4,2,9,8.7,13,22,1,4,0.035,3,6.5,12,22,1.6
7.84499979,-7.60868318,0.4,2,9,8.7,13,22,1,4,0.035,3,6.5,12,22,1.6
7.860000134,-7.580598754,0.4,2,9,8.7,13,22,1,4,0.035,3,6.5,12,22,1.6
7.875,-7.553200957,0.4,2,9,8.7,13,22,1,4,0.035,3,6.5,12,22,1.6
7.889999866,-7.526483726,0.4,2,9,8.7,13,22,1,4,0.035,3,6.5,12,22,1.6
7.90500021,-7.50044174,0.4,2,9,8.7,13,22,1,4,0.035,3,6.5,12,22,1.6
7.920000076,-7.475068917,0.4,2,9,8.7,13,22,1,4,0.035,3,6.5,12,22,1.6
7.934999943,-7.450359829,0.4,2,9,8.7,13,22,1,4,0.035,3,6.5,12,22,1.6
7.949999809,-7.426305217,0.4,2,9,8.7,13,22,1,4,0.035,3,6.5,12,22,1.6
7.965000153,-7.402899378,0.4,2,9,8.7,13,22,1,4,0.035,3,6.5,12,22,1.6
7.980000019,-7.380134113,0.4,2,9,8.7,13,22,1,4,0.035,3,6.5,12,22,1.6
7.994999886,-7.357998952,0.4,2,9,8.7,13,22,1,4,0.035,3,6.5,12,22,1.6
8.010000229,-7.336484362,0.4,2,9,8.7,13,22,1,4,0.035,3,6.5,12,22,1.6
8.024999619,-7.315581793,0.4,2,9,8.7,13,22,1,4,0.035,3,6.5,12,22,1.6
8.039999962,-7.295278817,0.4,2,9,8.7,13,22,1,4,0.035,3,6.5,12,22,1.6
8.055000305,-7.27556466,0.4,2,9,8.7,13,22,1,4,0.035,3,6.5,12,22,1.6
8.069999695,-7.25642802,0.4,2,9,8.7,13,22,1,4,0.035,3,6.5,12,22,1.6
8.085000038,-7.237854704,0.4,2,9,8.7,13,22,1,4,0.035,3,6.5,12,22,1.6
8.100000381,-7.219832362,0.4,2,9,8.7,13,22,1,4,0.035,3,6.5,12,22,1.6
8.114999771,-7.202345829,0.4,2,9,8.7,13,22,1,4,0.035,3,6.5,12,22,1.6
8.130000114,-7.185383756,0.4,2,9,8.7,13,22,1,4,0.035,3,6.5,12,22,1.6
8.145000458,-7.168929044,0.4,2,9,8.7,13,22,1,4,0.035,3,6.5,12,22,1.6
8.159999847,-7.152967918,0.4,2,9,8.7,13,22,1,4,0.035,3,6.5,12,22,1.6
8.175000191,-7.137484141,0.4,2,9,8.7,13,22,1,4,0.035,3,6.5,12,22,1.6
8.18999958,-7.12246198,0.4,2,9,8.7,13,22,1,4,0.035,3,6.5,12,22,1.6
8.204999924,-7.107884233,0.4,2,9,8.7,13,22,1,4,0.035,3,6.5,12,22,1.6
8.220000267,-7.093735091,0.4,2,9,8.7,13,22,1,4,0.035,3,6.5,12,22,1.6
8.234999657,-7.079999391,0.4,2,9,8.7,13,22,1,4,0.035,3,6.5,12,22,1.6
8.25,-7.066656678,0.4,2,9,8.7,13,22,1,4,0.035,3,6.5,12,22,1.6
8.265000343,-7.053693557,0.4,2,9,8.7,13,22,1,4,0.035,3,6.5,12,22,1.6
8.279999733,-7.04108939,0.4,2,9,8.7,13,22,1,4,0.035,3,6.5,12,22,1.6
8.295000076,-7.028832298,0.4,2,9,8.7,13,22,1,4,0.035,3,6.5,12,22,1.6
8.31000042,-7.016899286,0.4,2,9,8.7,13,22,1,4,0.035,3,6.5,12,22,1.6
8.324999809,-7.005278621,0.4,2,9,8.7,13,22,1,4,0.035,3,6.5,12,22,1.6
8.340000153,-6.993951413,0.4,2,9,8.7,13,22,1,4,0.035,3,6.5,12,22,1.6
8.354999542,-6.982903482,0.4,2,9,8.7,13,22,1,4,0.035,3,6.5,12,22,1.6
8.369999886,-6.972118948,0.4,2,9,8.7,13,22,1,4,0.035,3,6.5,12,22,1.6
8.385000229,-6.961580668,0.4,2,9,8.7,13,22,1,4,0.035,3,6.5,12,22,1.6
8.399999619,-6.951276064,0.4,2,9,8.7,13,22,1,4,0.035,3,6.5,12,22,1.6
8.414999962,-6.941193207,0.4,2,9,8.7,13,22,1,4,0.035,3,6.5,12,22,1.6
8.430000305,-6.931314744,0.4,2,9,8.7,13,22,1,4,0.035,3,6.5,12,22,1.6
8.444999695,-6.921630999,0.4,2,9,8.7,13,22,1,4,0.035,3,6.5,12,22,1.6
8.460000038,-6.912130786,0.4,2,9,8.7,13,22,1,4,0.035,3,6.5,12,22,1.6
8.475000381,-6.902804967,0.4,2,9,8.7,13,22,1,4,0.035,3,6.5,12,22,1.6
8.489999771,-6.893642732,0.4,2,9,8.7,13,22,1,4,0.035,3,6.5,12,22,1.6
8.505000114,-6.884636582,0.4,2,9,8.7,13,22,1,4,0.035,3,6.5,12,22,1.6
8.520000458,-6.875780874,0.4,2,9,8.7,13,22,1,4,0.035,3,6.5,12,22,1.6
8.534999847,-6.86706678,0.4,2,9,8.7,13,22,1,4,0.035,3,6.5,12,22,1.6
8.550000191,-6.858493915,0.4,2,9,8.7,13,22,1,4,0.035,3,6.5,12,22,1.6
8.56499958,-6.850056949,0.4,2,9,8.7,13,22,1,4,0.035,3,6.5,12,22,1.6
8.579999924,-6.841755374,0.4,2,9,8.7,13,22,1,4,0.035,3,6.5,12,22,1.6
8.595000267,-6.833589034,0.4,2,9,8.7,13,22,1,4,0.035,3,6.5,12,22,1.6
8.609999657,-6.825560787,0.4,2,9,8.7,13,22,1,4,0.035,3,6.5,12,22,1.6
8.625,-6.817669777,0.4,2,9,8.7,13,22,1,4,0.035,3,6.5,12,22,1.6
8.640000343,-6.809923727,0.4,2,9,8.7,13,22,1,4,0.035,3,6.5,12,22,1.6
8.654999733,-6.802326471,0.4,2,9,8.7,13,22,1,4,0.035,3,6.5,12,22,1.6
8.670000076,-6.794886747,0.4,2,9,8.7,13,22,1,4,0.035,3,6.5,12,22,1.6
8.68500042,-6.787612103,0.4,2,9,8.7,13,22,1,4,0.035,3,6.5,12,22,1.6
8.699999809,-6.780512149,0.4,2,9,8.7,13,22,1,4,0.035,3,6.5,12,22,1.6
8.715000153,-6.773599317,0.4,2,9,8.7,13,22,1,4,0.035,3,6.5,12,22,1.6
8.729999542,-6.766886371,0.4,2,9,8.7,13,22,1,4,0.035,3,6.5,12,22,1.6
8.744999886,-6.760386676,0.4,2,9,8.7,13,22,1,4,0.035,3,6.5,12,22,1.6
8.760000229,-6.754115095,0.4,2,9,8.7,13,22,1,4,0.035,3,6.5,12,22,1.6
8.774999619,-6.748088919,0.4,2,9,8.7,13,22,1,4,0.035,3,6.5,12,22,1.6
8.789999962,-6.742324654,0.4,2,9,8.7,13,22,1,4,0.035,3,6.5,12,22,1.6
8.805000305,-6.736840503,0.4,2,9,8.7,13,22,1,4,0.035,3,6.5,12,22,1.6
8.819999695,-6.731653812,0.4,2,9,8.7,13,22,1,4,0.035,3,6.5,12,22,1.6
8.835000038,-6.726787023,0.4,2,9,8.7,13,22,1,4,0.035,3,6.5,12,22,1.6
8.850000381,-6.722258312,0.4,2,9,8.7,13,22,1,4,0.035,3,6.5,12,22,1.6
8.864999771,-6.718089095,0.4,2,9,8.7,13,22,1,4,0.035,3,6.5,12,22,1.6
8.880000114,-6.714300551,0.4,2,9,8.7,13,22,1,4,0.035,3,6.5,12,22,1.6
8.895000458,-6.710912611,0.4,2,9,8.7,13,22,1,4,0.035,3,6.5,12,22,1.6
8.909999847,-6.707947816,0.4,2,9,8.7,13,22,1,4,0.035,3,6.5,12,22,1.6
8.925000191,-6.705424372,0.4,2,9,8.7,13,22,1,4,0.035,3,6.5,12,22,1.6
8.93999958,-6.70336631,0.4,2,9,8.7,13,22,1,4,0.035,3,6.5,12,22,1.6
8.954999924,-6.701791023,0.4,2,9,8.7,13,22,1,4,0.035,3,6.5,12,22,1.6
8.970000267,-6.700719526,0.4,2,9,8.7,13,22,1,4,0.035,3,6.5,12,22,1.6
8.984999657,-6.70016981,0.4,2,9,8.7,13,22,1,4,0.035,3,6.5,12,22,1.6
9,-6.700161009,0.4,2,9,8.7,13,22,1,4,0.035,3,6.5,12,22,1.6
9.015000343,-6.70070818,0.4,2,9,8.7,13,22,1,4,0.035,3,6.5,12,22,1.6
9.029999733,-6.701825092,0.4,2,9,8.7,13,22,1,4,0.035,3,6.5,12,22,1.6
9.045000076,-6.70352845,0.4,2,9,8.7,13,22,1,4,0.035,3,6.5,12,22,1.6
9.06000042,-6.705829773,0.4,2,9,8.7,13,22,1,4,0.035,3,6.5,12,22,1.6
9.074999809,-6.708736905,0.4,2,9,8.7,13,22,1,4,0.035,3,6.5,12,22,1.6
9.090000153,-6.712259928,0.4,2,9,8.7,13,22,1,4,0.035,3,6.5,12,22,1.6
9.104999542,-6.716405906,0.4,2,9,8.7,13,22,1,4,0.035,3,6.5,12,22,1.6
9.119999886,-6.721175695,0.4,2,9,8.7,13,22,1,4,0.035,3,6.5,12,22,1.6
9.135000229,-6.72657268,0.4,2,9,8.7,13,22,1,4,0.035,3,6.5,12,22,1.6
9.149999619,-6.732592581,0.4,2,9,8.7,13,22,1,4,0.035,3,6.5,12,22,1.6
9.164999962,-6.739231676,0.4,2,9,8.7,13,22,1,4,0.035,3,6.5,12,22,1.6
9.180000305,-6.74648389,0.4,2,9,8.7,13,22,1,4,0.035,3,6.5,12,22,1.6
9.194999695,-6.754337406,0.4,2,9,8.7,13,22,1,4,0.035,3,6.5,12,22,1.6
9.210000038,-6.762776854,0.4,2,9,8.7,13,22,1,4,0.035,3,6.5,12,22,1.6
9.225000381,-6.771785567,0.4,2,9,8.7,13,22,1,4,0.035,3,6.5,12,22,1.6
9.239999771,-6.781342837,0.4,2,9,8.7,13,22,1,4,0.035,3,6.5,12,22,1.6
9.255000114,-6.791423281,0.4,2,9,8.7,13,22,1,4,0.035,3,6.5,12,22,1.6
9.270000458,-6.801996299,0.4,2,9,8.7,13,22,1,4,0.035,3,6.5,12,22,1.6
9.284999847,-6.813030204,0.4,2,9,8.7,13,22,1,4,0.035,3,6.5,12,22,1.6
9.300000191,-6.82448951,0.4,2,9,8.7,13,22,1,4,0.035,3,6.5,12,22,1.6
9.31499958,-6.836333227,0.4,2,9,8.7,13,22,1,4,0.035,3,6.5,12,22,1.6
9.329999924,-6.848513389,0.4,2,9,8.7,13,22,1,4,0.035,3,6.5,12,22,1.6
9.345000267,-6.860985803,0.4,2,9,8.7,13,22,1,4,0.035,3,6.5,12,22,1.6
9.359999657,-6.873692804,0.4,2,9,8.7,13,22,1,4,0.035,3,6.5,12,22,1.6
9.375,-6.886579882,0.4,2,9,8.7,13,22,1,4,0.035,3,6.5,12,22,1.6
9.390000343,-6.899586457,0.4,2,9,8.7,13,22,1,4,0.035,3,6.5,12,22,1.6
9.404999733,-6.91264544,0.4,2,9,8.7,13,22,1,4,0.035,3,6.5,12,22,1.6
9.420000076,-6.925689158,0.4,2,9,8.7,13,22,1,4,0.035,3,6.5,12,22,1.6
9.43500042,-6.938646243,0.4,2,9,8.7,13,22,1,4,0.035,3,6.5,12,22,1.6
9.449999809,-6.951438392,0.4,2,9,8.7,13,22,1,4,0.035,3,6.5,12,22,1.6
9.465000153,-6.963989298,0.4,2,9,8.7,13,22,1,4,0.035,3,6.5,12,22,1.6
9.479999542,-6.976217082,0.4,2,9,8.7,13,22,1,4,0.035,3,6.5,12,22,1.6
9.494999886,-6.988037119,0.4,2,9,8.7,13,22,1,4,0.035,3,6.5,12,22,1.6
9.510000229,-6.999360712,0.4,2,9,8.7,13,22,1,4,0.035,3,6.5,12,22,1.6
9.524999619,-7.010104125,0.4,2,9,8.7,13,22,1,4,0.035,3,6.5,12,22,1.6
9.539999962,-7.020173868,0.4,2,9,8.7,13,22,1,4,0.035,3,6.5,12,22,1.6
9.555000305,-7.029481695,0.4,2,9,8.7,13,22,1,4,0.035,3,6.5,12,22,1.6
9.569999695,-7.037937506,0.4,2,9,8.7,13,22,1,4,0.035,3,6.5,12,22,1.6
9.585000038,-7.045448623,0.4,2,9,8.7,13,22,1,4,0.035,3,6.5,12,22,1.6
9.600000381,-7.051927641,0.4,2,9,8.7,13,22,1,4,0.035,3,6.5,12,22,1.6
9.614999771,-7.057286758,0.4,2,9,8.7,13,22,1,4,0.035,3,6.5,12,22,1.6
9.630000114,-7.061438522,0.4,2,9,8.7,13,22,1,4,0.035,3,6.5,12,22,1.6
9.645000458,-7.06430137,0.4,2,9,8.7,13,22,1,4,0.035,3,6.5,12,22,1.6
9.659999847,-7.065794971,0.4,2,9,8.7,13,22,1,4,0.035,3,6.5,12,22,1.6
9.675000191,-7.065844187,0.4,2,9,8.7,13,22,1,4,0.035,3,6.5,12,22,1.6
9.68999958,-7.064380006,0.4,2,9,8.7,13,22,1,4,0.035,3,6.5,12,22,1.6
9.704999924,-7.06133533,0.4,2,9,8.7,13,22,1,4,0.035,3,6.5,12,22,1.6
9.720000267,-7.05665145,0.4,2,9,8.7,13,22,1,4,0.035,3,6.5,12,22,1.6
9.734999657,-7.05027849,0.4,2,9,8.7,13,22,1,4,0.035,3,6.5,12,22,1.6
9.75,-7.042168284,0.4,2,9,8.7,13,22,1,4,0.035,3,6.5,12,22,1.6
9.765000343,-7.032286214,0.4,2,9,8.7,13,22,1,4,0.035,3,6.5,12,22,1.6
9.779999733,-7.020603037,0.4,2,9,8.7,13,22,1,4,0.035,3,6.5,12,22,1.6
9.795000076,-7.007096698,0.4,2,9,8.7,13,22,1,4,0.035,3,6.5,12,22,1.6
9.81000042,-6.991758386,0.4,2,9,8.7,13,22,1,4,0.035,3,6.5,12,22,1.6
9.824999809,-6.974585357,0.4,2,9,8.7,13,22,1,4,0.035,3,6.5,12,22,1.6
9.840000153,-6.955583012,0.4,2,9,8.7,13,22,1,4,0.035,3,6.5,12,22,1.6
9.854999542,-6.93476967,0.4,2,9,8.7,13,22,1,4,0.035,3,6.5,12,22,1.6
9.869999886,-6.912168798,0.4,2,9,8.7,13,22,1,4,0.035,3,6.5,12,22,1.6
9.885000229,-6.887817315,0.4,2,9,8.7,13,22,1,4,0.035,3,6.5,12,22,1.6
9.899999619,-6.861759018,0.4,2,9,8.7,13,22,1,4,0.035,3,6.5,12,22,1.6
9.914999962,-6.834044891,0.4,2,9,8.7,13,22,1,4,0.035,3,6.5,12,22,1.6
9.930000305,-6.804738102,0.4,2,9,8.7,13,22,1,4,0.035,3,6.5,12,22,1.6
9.944999695,-6.773905756,0.4,2,9,8.7,13,22,1,4,0.035,3,6.5,12,22,1.6
9.960000038,-6.741624728,0.4,2,9,8.7,13,22,1,4,0.035,3,6.5,12,22,1.6
9.975000381,-6.707978532,0.4,2,9,8.7,13,22,1,4,0.035,3,6.5,12,22,1.6
9.989999771,-6.673057238,0.4,2,9,8.7,13,22,1,4,0.035,3,6.5,12,22,1.6
10.00500011,-6.636954026,0.4,2,9,8.7,13,22,1,4,0.035,3,6.5,12,22,1.6
10.02000046,-6.599771572,0.4,2,9,8.7,13,22,1,4,0.035,3,6.5,12,22,1.6
10.03499985,-6.561614136,0.4,2,9,8.7,13,22,1,4,0.035,3,6.5,12,22,1.6
10.05000019,-6.522590608,0.4,2,9,8.7,13,22,1,4,0.035,3,6.5,12,22,1.6
10.06499958,-6.482811424,0.4,2,9,8.7,13,22,1,4,0.035,3,6.5,12,22,1.6
10.07999992,-6.442392976,0.4,2,9,8.7,13,22,1,4,0.035,3,6.5,12,22,1.6
10.09500027,-6.401449098,0.4,2,9,8.7,13,22,1,4,0.035,3,6.5,12,22,1.6
10.10999966,-6.360098417,0.4,2,9,8.7,13,22,1,4,0.035,3,6.5,12,22,1.6
10.125,-6.318458859,0.4,2,9,8.7,13,22,1,4,0.035,3,6.5,12,22,1.6
10.14000034,-6.276646514,0.4,2,9,8.7,13,22,1,4,0.035,3,6.5,12,22,1.6
10.15499973,-6.234780336,0.4,2,9,8.7,13,22,1,4,0.035,3,6.5,12,22,1.6
10.17000008,-6.192974206,0.4,2,9,8.7,13,22,1,4,0.035,3,6.5,12,22,1.6
10.18500042,-6.151343469,0.4,2,9,8.7,13,22,1,4,0.035,3,6.5,12,22,1.6
10.19999981,-6.110003536,0.4,2,9,8.7,13,22,1,4,0.035,3,6.5,12,22,1.6
10.21500015,-6.069062429,0.4,2,9,8.7,13,22,1,4,0.035,3,6.5,12,22,1.6
10.22999954,-6.02862725,0.4,2,9,8.7,13,22,1,4,0.035,3,6.5,12,22,1.6
10.24499989,-5.988804798,0.4,2,9,8.7,13,22,1,4,0.035,3,6.5,12,22,1.6
10.26000023,-5.949695305,0.4,2,9,8.7,13,22,1,4,0.035,3,6.5,12,22,1.6
10.27499962,-5.911397255,0.4,2,9,8.7,13,22,1,4,0.035,3,6.5,12,22,1.6
10.28999996,-5.874005053,0.4,2,9,8.7,13,22,1,4,0.035,3,6.5,12,22,1.6
10.30500031,-5.83761021,0.4,2,9,8.7,13,22,1,4,0.035,3,6.5,12,22,1.6
10.31999969,-5.802299103,0.4,2,9,8.7,13,22,1,4,0.035,3,6.5,12,22,1.6
10.33500004,-5.768155535,0.4,2,9,8.7,13,22,1,4,0.035,3,6.5,12,22,1.6
10.35000038,-5.735256568,0.4,2,9,8.7,13,22,1,4,0.035,3,6.5,12,22,1.6
10.36499977,-5.703677041,0.4,2,9,8.7,13,22,1,4,0.035,3,6.5,12,22,1.6
10.38000011,-5.673487964,0.4,2,9,8.7,13,22,1,4,0.035,3,6.5,12,22,1.6
10.39500046,-5.644756598,0.4,2,9,8.7,13,22,1,4,0.035,3,6.5,12,22,1.6
10.40999985,-5.617543638,0.4,2,9,8.7,13,22,1,4,0.035,3,6.5,12,22,1.6
10.42500019,-5.591907054,0.4,2,9,8.7,13,22,1,4,0.035,3,6.5,12,22,1.6
10.43999958,-5.567900964,0.4,2,9,8.7,13,22,1,4,0.035,3,6.5,12,22,1.6
10.45499992,-5.545573753,0.4,2,9,8.7,13,22,1,4,0.035,3,6.5,12,22,1.6
10.47000027,-5.524973258,0.4,2,9,8.7,13,22,1,4,0.035,3,6.5,12,22,1.6
10.48499966,-5.506139474,0.4,2,9,8.7,13,22,1,4,0.035,3,6.5,12,22,1.6
10.5,-5.489109038,0.4,2,9,8.7,13,22,1,4,0.035,3,6.5,12,22,1.6
10.51500034,-5.473918527,0.4,2,9,8.7,13,22,1,4,0.035,3,6.5,12,22,1.6
10.52999973,-5.460594765,0.4,2,9,8.7,13,22,1,4,0.035,3,6.5,12,22,1.6
10.54500008,-5.449166439,0.4,2,9,8.7,13,22,1,4,0.035,3,6.5,12,22,1.6
10.56000042,-5.439653633,0.4,2,9,8.7,13,22,1,4,0.035,3,6.5,12,22,1.6
10.57499981,-5.432077208,0.4,2,9,8.7,13,22,1,4,0.035,3,6.5,12,22,1.6
10.59000015,-5.426451685,0.4,2,9,8.7,13,22,1,4,0.035,3,6.5,12,22,1.6
10.60499954,-5.422788914,0.4,2,9,8.7,13,22,1,4,0.035,3,6.5,12,22,1.6
10.61999989,-5.421096801,0.4,2,9,8.7,13,22,1,4,0.035,3,6.5,12,22,1.6
10.63500023,-5.421380675,0.4,2,9,8.7,13,22,1,4,0.035,3,6.5,12,22,1.6
10.64999962,-5.423644866,0.4,2,9,8.7,13,22,1,4,0.035,3,6.5,12,22,1.6
10.66499996,-5.42788524,0.4,2,9,8.7,13,22,1,4,0.035,3,6.5,12,22,1.6
10.68000031,-5.434097346,0.4,2,9,8.7,13,22,1,4,0.035,3,6.5,12,22,1.6
10.69499969,-5.44227516,0.4,2,9,8.7,13,22,1,4,0.035,3,6.5,12,22,1.6
10.71000004,-5.452408245,0.4,2,9,8.7,13,22,1,4,0.035,3,6.5,12,22,1.6
10.72500038,-5.46448295,0.4,2,9,8.7,13,22,1,4,0.035,3,6.5,12,22,1.6
10.73999977,-5.478483152,0.4,2,9,8.7,13,22,1,4,0.035,3,6.5,12,22,1.6
10.75500011,-5.494391153,0.4,2,9,8.7,13,22,1,4,0.035,3,6.5,12,22,1.6
10.77000046,-5.5121861,0.4,2,9,8.7,13,22,1,4,0.035,3,6.5,12,22,1.6
10.78499985,-5.531842269,0.4,2,9,8.7,13,22,1,4,0.035,3,6.5,12,22,1.6
10.80000019,-5.55333325,0.4,2,9,8.7,13,22,1,4,0.035,3,6.5,12,22,1.6
10.81499958,-5.576631193,0.4,2,9,8.7,13,22,1,4,0.035,3,6.5,12,22,1.6
10.82999992,-5.601706977,0.4,2,9,8.7,13,22,1,4,0.035,3,6.5,12,22,1.6
10.84500027,-5.62852334,0.4,2,9,8.7,13,22,1,4,0.035,3,6.5,12,22,1.6
10.85999966,-5.657046381,0.4,2,9,8.7,13,22,1,4,0.035,3,6.5,12,22,1.6
10.875,-5.687238756,0.4,2,9,8.7,13,22,1,4,0.035,3,6.5,12,22,1.6
10.89000034,-5.719062286,0.4,2,9,8.7,13,22,1,4,0.035,3,6.5,12,22,1.6
10.90499973,-5.752473891,0.4,2,9,8.7,13,22,1,4,0.035,3,6.5,12,22,1.6
10.92000008,-5.787432198,0.4,2,9,8.7,13,22,1,4,0.035,3,6.5,12,22,1.6
10.93500042,-5.823892835,0.4,2,9,8.7,13,22,1,4,0.035,3,6.5,12,22,1.6
10.94999981,-5.861807437,0.4,2,9,8.7,13,22,1,4,0.035,3,6.5,12,22,1.6
10.96500015,-5.901131761,0.4,2,9,8.7,13,22,1,4,0.035,3,6.5,12,22,1.6
10.97999954,-5.941817495,0.4,2,9,8.7,13,22,1,4,0.035,3,6.5,12,22,1.6
10.99499989,-5.983815274,0.4,2,9,8.7,13,22,1,4,0.035,3,6.5,12,22,1.6
11.01000023,-6.027073088,0.4,2,9,8.7,13,22,1,4,0.035,3,6.5,12,22,1.6
11.02499962,-6.071544998,0.4,2,9,8.7,13,22,1,4,0.035,3,6.5,12,22,1.6
11.03999996,-6.117176619,0.4,2,9,8.7,13,22,1,4,0.035,3,6.5,12,22,1.6
11.05500031,-6.163918564,0.4,2,9,8.7,13,22,1,4,0.035,3,6.5,12,22,1.6
11.06999969,-6.211718134,0.4,2,9,8.7,13,22,1,4,0.035,3,6.5,12,22,1.6
11.08500004,-6.260527773,0.4,2,9,8.7,13,22,1,4,0.035,3,6.5,12,22,1.6
11.10000038,-6.31029462,0.4,2,9,8.7,13,22,1,4,0.035,3,6.5,12,22,1.6
11.11499977,-6.360970733,0.4,2,9,8.7,13,22,1,4,0.035,3,6.5,12,22,1.6
11.13000011,-6.412505806,0.4,2,9,8.7,13,22,1,4,0.035,3,6.5,12,22,1.6
11.14500046,-6.464854057,0.4,2,9,8.7,13,22,1,4,0.035,3,6.5,12,22,1.6
11.15999985,-6.517968399,0.4,2,9,8.7,13,22,1,4,0.035,3,6.5,12,22,1.6
11.17500019,-6.571803948,0.4,2,9,8.7,13,22,1,4,0.035,3,6.5,12,22,1.6
11.18999958,-6.626318719,0.4,2,9,8.7,13,22,1,4,0.035,3,6.5,12,22,1.6
11.20499992,-6.681472133,0.4,2,9,8.7,13,22,1,4,0.035,3,6.5,12,22,1.6
11.22000027,-6.737225063,0.4,2,9,8.7,13,22,1,4,0.035,3,6.5,12,22,1.6
11.23499966,-6.793541351,0.4,2,9,8.7,13,22,1,4,0.035,3,6.5,12,22,1.6
11.25,-6.850387845,0.4,2,9,8.7,13,22,1,4,0.035,3,6.5,12,22,1.6
11.26500034,-6.907734026,0.4,2,9,8.7,13,22,1,4,0.035,3,6.5,12,22,1.6
11.27999973,-6.96555397,0.4,2,9,8.7,13,22,1,4,0.035,3,6.5,12,22,1.6
11.29500008,-7.023821019,0.4,2,9,8.7,13,22,1,4,0.035,3,6.5,12,22,1.6
11.31000042,-7.082516396,0.4,2,9,8.7,13,22,1,4,0.035,3,6.5,12,22,1.6
11.32499981,-7.141621111,0.4,2,9,8.7,13,22,1,4,0.035,3,6.5,12,22,1.6
11.34000015,-7.201122542,0.4,2,9,8.7,13,22,1,4,0.035,3,6.5,12,22,1.6
11.35499954,-7.261009693,0.4,2,9,8.7,13,22,1,4,0.035,3,6.5,12,22,1.6
11.36999989,-7.321275295,0.4,2,9,8.7,13,22,1,4,0.035,3,6.5,12,22,1.6
11.38500023,-7.381919591,0.4,2,9,8.7,13,22,1,4,0.035,3,6.5,12,22,1.6
11.39999962,-7.442938862,0.4,2,9,8.7,13,22,1,4,0.035,3,6.5,12,22,1.6
11.41499996,-7.504341437,0.4,2,9,8.7,13,22,1,4,0.035,3,6.5,12,22,1.6
11.43000031,-7.566135422,0.4,2,9,8.7,13,22,1,4,0.035,3,6.5,12,22,1.6
11.44499969,-7.628332165,0.4,2,9,8.7,13,22,1,4,0.035,3,6.5,12,22,1.6
11.46000004,-7.690947504,0.4,2,9,8.7,13,22,1,4,0.035,3,6.5,12,22,1.6
11.47500038,-7.754000086,0.4,2,9,8.7,13,22,1,4,0.035,3,6.5,12,22,1.6
11.48999977,-7.817514222,0.4,2,9,8.7,13,22,1,4,0.035,3,6.5,12,22,1.6
11.50500011,-7.881512024,0.4,2,9,8.7,13,22,1,4,0.035,3,6.5,12,22,1.6
11.52000046,-7.946024743,0.4,2,9,8.7,13,22,1,4,0.035,3,6.5,12,22,1.6
11.53499985,-8.011082151,0.4,2,9,8.7,13,22,1,4,0.035,3,6.5,12,22,1.6
11.55000019,-8.076719683,0.4,2,9,8.7,13,22,1,4,0.035,3,6.5,12,22,1.6
11.56499958,-8.142971327,0.4,2,9,8.7,13,22,1,4,0.035,3,6.5,12,22,1.6
11.57999992,-8.209877303,0.4,2,9,8.7,13,22,1,4,0.035,3,6.5,12,22,1.6
11.59500027,-8.277477615,0.4,2,9,8.7,13,22,1,4,0.035,3,6.5,12,22,1.6
11.60999966,-8.345813428,0.4,2,9,8.7,13,22,1,4,0.035,3,6.5,12,22,1.6
11.625,-8.414928745,0.4,2,9,8.7,13,22,1,4,0.035,3,6.5,12,22,1.6
11.64000034,-8.48486651,0.4,2,9,8.7,13,22,1,4,0.035,3,6.5,12,22,1.6
11.65499973,-8.555672157,0.4,2,9,8.7,13,22,1,4,0.035,3,6.5,12,22,1.6
11.67000008,-8.627390427,0.4,2,9,8.7,13,22,1,4,0.035,3,6.5,12,22,1.6
11.68500042,-8.700066522,0.4,2,9,8.7,13,22,1,4,0.035,3,6.5,12,22,1.6
11.69999981,-8.773746414,0.4,2,9,8.7,13,22,1,4,0.035,3,6.5,12,22,1.6
11.71500015,-8.848473716,0.4,2,9,8.7,13,22,1,4,0.035,3,6.5,12,22,1.6
11.72999954,-8.924294746,0.4,2,9,8.7,13,22,1,4,0.035,3,6.5,12,22,1.6
11.74499989,-9.001250411,0.4,2,9,8.7,13,22,1,4,0.035,3,6.5,12,22,1.6
11.76000023,-9.079383036,0.4,2,9,8.7,13,22,1,4,0.035,3,6.5,12,22,1.6
11.77499962,-9.158731534,0.4,2,9,8.7,13,22,1,4,0.035,3,6.5,12,22,1.6
11.78999996,-9.239336253,0.4,2,9,8.7,13,22,1,4,0.035,3,6.5,12,22,1.6
11.80500031,-9.321231699,0.4,2,9,8.7,13,22,1,4,0.035,3,6.5,12,22,1.6
11.81999969,-9.404451668,0.4,2,9,8.7,13,22,1,4,0.035,3,6.5,12,22,1.6
11.83500004,-9.48902757,0.4,2,9,8.7,13,22,1,4,0.035,3,6.5,12,22,1.6
11.85000038,-9.574987452,0.4,2,9,8.7,13,22,1,4,0.035,3,6.5,12,22,1.6
11.86499977,-9.662355618,0.4,2,9,8.7,13,22,1,4,0.035,3,6.5,12,22,1.6
11.88000011,-9.751153236,0.4,2,9,8.7,13,22,1,4,0.035,3,6.5,12,22,1.6
11.89500046,-9.841397792,0.4,2,9,8.7,13,22,1,4,0.035,3,6.5,12,22,1.6
11.90999985,-9.933102758,0.4,2,9,8.7,13,22,1,4,0.035,3,6.5,12,22,1.6
11.92500019,-10.02627863,0.4,2,9,8.7,13,22,1,4,0.035,3,6.5,12,22,1.6
11.93999958,-10.12092874,0.4,2,9,8.7,13,22,1,4,0.035,3,6.5,12,22,1.6
11.95499992,-10.21705662,0.4,2,9,8.7,13,22,1,4,0.035,3,6.5,12,22,1.6
11.97000027,-10.31465457,0.4,2,9,8.7,13,22,1,4,0.035,3,6.5,12,22,1.6
11.98499966,-10.41371689,0.4,2,9,8.7,13,22,1,4,0.035,3,6.5,12,22,1.6
12,-10.51422717,0.4,2,9,8.7,13,22,1,4,0.035,3,6.5,12,22,1.6
12.01500034,-10.61616667,0.4,2,9,8.7,13,22,1,4,0.035,3,6.5,12,22,1.6
12.02999973,-10.71950832,0.4,2,9,8.7,13,22,1,4,0.035,3,6.5,12,22,1.6
12.04500008,-10.82422314,0.4,2,9,8.7,13,22,1,4,0.035,3,6.5,12,22,1.6
12.06000042,-10.93027415,0.4,2,9,8.7,13,22,1,4,0.035,3,6.5,12,22,1.6
12.07499981,-11.0376199,0.4,2,9,8.7,13,22,1,4,0.035,3,6.5,12,22,1.6
12.09000015,-11.14621116,0.4,2,9,8.7,13,22,1,4,0.035,3,6.5,12,22,1.6
12.10499954,-11.25599199,0.4,2,9,8.7,13,22,1,4,0.035,3,6.5,12,22,1.6
12.11999989,-11.36690427,0.4,2,9,8.7,13,22,1,4,0.035,3,6.5,12,22,1.6
12.13500023,-11.47887995,0.4,2,9,8.7,13,22,1,4,0.035,3,6.5,12,22,1.6
12.14999962,-11.59184495,0.4,2,9,8.7,13,22,1,4,0.035,3,6.5,12,22,1.6
12.16499996,-11.70572286,0.4,2,9,8.7,13,22,1,4,0.035,3,6.5,12,22,1.6
12.18000031,-11.82042699,0.4,2,9,8.7,13,22,1,4,0.035,3,6.5,12,22,1.6
12.19499969,-11.93586692,0.4,2,9,8.7,13,22,1,4,0.035,3,6.5,12,22,1.6
12.21000004,-12.05194576,0.4,2,9,8.7,13,22,1,4,0.035,3,6.5,12,22,1.6
12.22500038,-12.16856243,0.4,2,9,8.7,13,22,1,4,0.035,3,6.5,12,22,1.6
12.23999977,-12.28560893,0.4,2,9,8.7,13,22,1,4,0.035,3,6.5,12,22,1.6
12.25500011,-12.40297197,0.4,2,9,8.7,13,22,1,4,0.035,3,6.5,12,22,1.6
12.27000046,-12.52053575,0.4,2,9,8.7,13,22,1,4,0.035,3,6.5,12,22,1.6
12.28499985,-12.63817927,0.4,2,9,8.7,13,22,1,4,0.035,3,6.5,12,22,1.6
12.30000019,-12.75577823,0.4,2,9,8.7,13,22,1,4,0.035,3,6.5,12,22,1.6
12.31499958,-12.87320462,0.4,2,9,8.7,13,22,1,4,0.035,3,6.5,12,22,1.6
12.32999992,-12.99032777,0.4,2,9,8.7,13,22,1,4,0.035,3,6.5,12,22,1.6
12.34500027,-13.10701668,0.4,2,9,8.7,13,22,1,4,0.035,3,6.5,12,22,1.6
12.35999966,-13.22313796,0.4,2,9,8.7,13,22,1,4,0.035,3,6.5,12,22,1.6
12.375,-13.33855961,0.4,2,9,8.7,13,22,1,4,0.035,3,6.5,12,22,1.6
12.39000034,-13.4531493,0.4,2,9,8.7,13,22,1,4,0.035,3,6.5,12,22,1.6
12.40499973,-13.56677544,0.4,2,9,8.7,13,22,1,4,0.035,3,6.5,12,22,1.6
12.42000008,-13.67931052,0.4,2,9,8.7,13,22,1,4,0.035,3,6.5,12,22,1.6
12.43500042,-13.79062984,0.4,2,9,8.7,13,22,1,4,0.035,3,6.5,12,22,1.6
12.44999981,-13.90061186,0.4,2,9,8.7,13,22,1,4,0.035,3,6.5,12,22,1.6
12.46500015,-14.00914262,0.4,2,9,8.7,13,22,1,4,0.035,3,6.5,12,22,1.6
12.47999954,-14.11611228,0.4,2,9,8.7,13,22,1,4,0.035,3,6.5,12,22,1.6
12.49499989,-14.22142075,0.4,2,9,8.7,13,22,1,4,0.035,3,6.5,12,22,1.6
12.51000023,-14.32497281,0.4,2,9,8.7,13,22,1,4,0.035,3,6.5,12,22,1.6
12.52499962,-14.42668455,0.4,2,9,8.7,13,22,1,4,0.035,3,6.5,12,22,1.6
12.53999996,-14.52647998,0.4,2,9,8.7,13,22,1,4,0.035,3,6.5,12,22,1.6
12.55500031,-14.62429498,0.4,2,9,8.7,13,22,1,4,0.035,3,6.5,12,22,1.6
12.56999969,-14.72007485,0.4,2,9,8.7,13,22,1,4,0.035,3,6.5,12,22,1.6
12.58500004,-14.81377568,0.4,2,9,8.7,13,22,1,4,0.035,3,6.5,12,22,1.6
12.60000038,-14.90536655,0.4,2,9,8.7,13,22,1,4,0.035,3,6.5,12,22,1.6
12.61499977,-14.99482687,0.4,2,9,8.7,13,22,1,4,0.035,3,6.5,12,22,1.6
12.63000011,-15.08214756,0.4,2,9,8.7,13,22,1,4,0.035,3,6.5,12,22,1.6
12.64500046,-15.16733161,0.4,2,9,8.7,13,22,1,4,0.035,3,6.5,12,22,1.6
12.65999985,-15.25039269,0.4,2,9,8.7,13,22,1,4,0.035,3,6.5,12,22,1.6
12.67500019,-15.33135759,0.4,2,9,8.7,13,22,1,4,0.035,3,6.5,12,22,1.6
12.68999958,-15.41025766,0.4,2,9,8.7,13,22,1,4,0.035,3,6.5,12,22,1.6
12.70499992,-15.48714331,0.4,2,9,8.7,13,22,1,4,0.035,3,6.5,12,22,1.6
12.72000027,-15.5620629,0.4,2,9,8.7,13,22,1,4,0.035,3,6.5,12,22,1.6
12.73499966,-15.63508343,0.4,2,9,8.7,13,22,1,4,0.035,3,6.5,12,22,1.6
12.75,-15.70627074,0.4,2,9,8.7,13,22,1,4,0.035,3,6.5,12,22,1.6
12.76500034,-15.77570317,0.4,2,9,8.7,13,22,1,4,0.035,3,6.5,12,22,1.6
12.77999973,-15.8434637,0.4,2,9,8.7,13,22,1,4,0.035,3,6.5,12,22,1.6
12.79500008,-15.90963419,0.4,2,9,8.7,13,22,1,4,0.035,3,6.5,12,22,1.6
12.81000042,-15.97430483,0.4,2,9,8.7,13,22,1,4,0.035,3,6.5,12,22,1.6
12.82499981,-16.03756958,0.4,2,9,8.7,13,22,1,4,0.035,3,6.5,12,22,1.6
12.84000015,-16.09952057,0.4,2,9,8.7,13,22,1,4,0.035,3,6.5,12,22,1.6
12.85499954,-16.1602497,0.4,2,9,8.7,13,22,1,4,0.035,3,6.5,12,22,1.6
12.86999989,-16.21984929,0.4,2,9,8.7,13,22,1,4,0.035,3,6.5,12,22,1.6
12.88500023,-16.27841127,0.4,2,9,8.7,13,22,1,4,0.035,3,6.5,12,22,1.6
12.89999962,-16.33602125,0.4,2,9,8.7,13,22,1,4,0.035,3,6.5,12,22,1.6
12.91499996,-16.39276811,0.4,2,9,8.7,13,22,1,4,0.035,3,6.5,12,22,1.6
12.93000031,-16.44872774,0.4,2,9,8.7,13,22,1,4,0.035,3,6.5,12,22,1.6
12.94499969,-16.50397791,0.4,2,9,8.7,13,22,1,4,0.035,3,6.5,12,22,1.6
12.96000004,-16.55858983,0.4,2,9,8.7,13,22,1,4,0.035,3,6.5,12,22,1.6
12.97500038,-16.61262281,0.4,2,9,8.7,13,22,1,4,0.035,3,6.5,12,22,1.6
12.98999977,-16.66613341,0.4,2,9,8.7,13,22,1,4,0.035,3,6.5,12,22,1.6
13.00500011,-16.71917375,0.4,2,9,8.7,13,22,1,4,0.035,3,6.5,12,22,1.6
13.02000046,-16.77178114,0.4,2,9,8.7,13,22,1,4,0.035,3,6.5,12,22,1.6
13.03499985,-16.82399121,0.4,2,9,8.7,13,22,1,4,0.035,3,6.5,12,22,1.6
13.05000019,-16.87582399,0.4,2,9,8.7,13,22,1,4,0.035,3,6.5,12,22,1.6
13.06499958,-16.92729732,0.4,2,9,8.7,13,22,1,4,0.035,3,6.5,12,22,1.6
13.07999992,-16.97841334,0.4,2,9,8.7,13,22,1,4,0.035,3,6.5,12,22,1.6
13.09500027,-17.0291684,0.4,2,9,8.7,13,22,1,4,0.035,3,6.5,12,22,1.6
13.10999966,-17.07954785,0.4,2,9,8.7,13,22,1,4,0.035,3,6.5,12,22,1.6
13.125,-17.12952637,0.4,2,9,8.7,13,22,1,4,0.035,3,6.5,12,22,1.6
13.14000034,-17.17906986,0.4,2,9,8.7,13,22,1,4,0.035,3,6.5,12,22,1.6
13.15499973,-17.22813176,0.4,2,9,8.7,13,22,1,4,0.035,3,6.5,12,22,1.6
13.17000008,-17.27665783,0.4,2,9,8.7,13,22,1,4,0.035,3,6.5,12,22,1.6
13.18500042,-17.32458109,0.4,2,9,8.7,13,22,1,4,0.035,3,6.5,12,22,1.6
13.19999981,-17.37182486,0.4,2,9,8.7,13,22,1,4,0.035,3,6.5,12,22,1.6
13.21500015,-17.41830373,0.4,2,9,8.7,13,22,1,4,0.035,3,6.5,12,22,1.6
13.22999954,-17.46391983,0.4,2,9,8.7,13,22,1,4,0.035,3,6.5,12,22,1.6
13.24499989,-17.50856607,0.4,2,9,8.7,13,22,1,4,0.035,3,6.5,12,22,1.6
13.26000023,-17.55213023,0.4,2,9,8.7,13,22,1,4,0.035,3,6.5,12,22,1.6
13.27499962,-17.59448275,0.4,2,9,8.7,13,22,1,4,0.035,3,6.5,12,22,1.6
13.28999996,-17.63549299,0.4,2,9,8.7,13,22,1,4,0.035,3,6.5,12,22,1.6
13.30500031,-17.6750187,0.4,2,9,8.7,13,22,1,4,0.035,3,6.5,12,22,1.6
13.31999969,-17.71291071,0.4,2,9,8.7,13,22,1,4,0.035,3,6.5,12,22,1.6
13.33500004,-17.74901402,0.4,2,9,8.7,13,22,1,4,0.035,3,6.5,12,22,1.6
13.35000038,-17.78316842,0.4,2,9,8.7,13,22,1,4,0.035,3,6.5,12,22,1.6
13.36499977,-17.81520527,0.4,2,9,8.7,13,22,1,4,0.035,3,6.5,12,22,1.6
13.38000011,-17.84495959,0.4,2,9,8.7,13,22,1,4,0.035,3,6.5,12,22,1.6
13.39500046,-17.87225673,0.4,2,9,8.7,13,22,1,4,0.035,3,6.5,12,22,1.6
13.40999985,-17.89692879,0.4,2,9,8.7,13,22,1,4,0.035,3,6.5,12,22,1.6
13.42500019,-17.91880036,0.4,2,9,8.7,13,22,1,4,0.035,3,6.5,12,22,1.6
13.43999958,-17.93770737,0.4,2,9,8.7,13,22,1,4,0.035,3,6.5,12,22,1.6
13.45499992,-17.95348024,0.4,2,9,8.7,13,22,1,4,0.035,3,6.5,12,22,1.6
13.47000027,-17.96596334,0.4,2,9,8.7,13,22,1,4,0.035,3,6.5,12,22,1.6
13.48499966,-17.97500538,0.4,2,9,8.7,13,22,1,4,0.035,3,6.5,12,22,1.6
13.5,-17.98046365,0.4,2,9,8.7,13,22,1,4,0.035,3,6.5,12,22,1.6
13.51500034,-17.9822067,0.4,2,9,8.7,13,22,1,4,0.035,3,6.5,12,22,1.6
13.52999973,-17.98011739,0.4,2,9,8.7,13,22,1,4,0.035,3,6.5,12,22,1.6
13.54500008,-17.9740919,0.4,2,9,8.7,13,22,1,4,0.035,3,6.5,12,22,1.6
13.56000042,-17.96404275,0.4,2,9,8.7,13,22,1,4,0.035,3,6.5,12,22,1.6
13.57499981,-17.94989612,0.4,2,9,8.7,13,22,1,4,0.035,3,6.5,12,22,1.6
13.59000015,-17.93160522,0.4,2,9,8.7,13,22,1,4,0.035,3,6.5,12,22,1.6
13.60499954,-17.90913611,0.4,2,9,8.7,13,22,1,4,0.035,3,6.5,12,22,1.6
13.61999989,-17.88247383,0.4,2,9,8.7,13,22,1,4,0.035,3,6.5,12,22,1.6
13.63500023,-17.85162734,0.4,2,9,8.7,13,22,1,4,0.035,3,6.5,12,22,1.6
13.64999962,-17.81662632,0.4,2,9,8.7,13,22,1,4,0.035,3,6.5,12,22,1.6
13.66499996,-17.77752073,0.4,2,9,8.7,13,22,1,4,0.035,3,6.5,12,22,1.6
13.68000031,-17.73437658,0.4,2,9,8.7,13,22,1,4,0.035,3,6.5,12,22,1.6
13.69499969,-17.6872836,0.4,2,9,8.7,13,22,1,4,0.035,3,6.5,12,22,1.6
13.71000004,-17.63635016,0.4,2,9,8.7,13,22,1,4,0.035,3,6.5,12,22,1.6
13.72500038,-17.58169849,0.4,2,9,8.7,13,22,1,4,0.035,3,6.5,12,22,1.6
13.73999977,-17.52347207,0.4,2,9,8.7,13,22,1,4,0.035,3,6.5,12,22,1.6
13.75500011,-17.46182414,0.4,2,9,8.7,13,22,1,4,0.035,3,6.5,12,22,1.6
13.77000046,-17.3969223,0.4,2,9,8.7,13,22,1,4,0.035,3,6.5,12,22,1.6
13.78499985,-17.32894632,0.4,2,9,8.7,13,22,1,4,0.035,3,6.5,12,22,1.6
13.80000019,-17.25808536,0.4,2,9,8.7,13,22,1,4,0.035,3,6.5,12,22,1.6
13.81499958,-17.18453039,0.4,2,9,8.7,13,22,1,4,0.035,3,6.5,12,22,1.6
13.82999992,-17.10848739,0.4,2,9,8.7,13,22,1,4,0.035,3,6.5,12,22,1.6
13.84500027,-17.03015878,0.4,2,9,8.7,13,22,1,4,0.035,3,6.5,12,22,1.6
13.85999966,-16.94974854,0.4,2,9,8.7,13,22,1,4,0.035,3,6.5,12,22,1.6
13.875,-16.86746799,0.4,2,9,8.7,13,22,1,4,0.035,3,6.5,12,22,1.6
13.89000034,-16.78351667,0.4,2,9,8.7,13,22,1,4,0.035,3,6.5,12,22,1.6
13.90499973,-16.69810291,0.4,2,9,8.7,13,22,1,4,0.035,3,6.5,12,22,1.6
13.92000008,-16.61141829,0.4,2,9,8.7,13,22,1,4,0.035,3,6.5,12,22,1.6
13.93500042,-16.52365806,0.4,2,9,8.7,13,22,1,4,0.035,3,6.5,12,22,1.6
13.94999981,-16.43500806,0.4,2,9,8.7,13,22,1,4,0.035,3,6.5,12,22,1.6
13.96500015,-16.34564197,0.4,2,9,8.7,13,22,1,4,0.035,3,6.5,12,22,1.6
13.97999954,-16.25573553,0.4,2,9,8.7,13,22,1,4,0.035,3,6.5,12,22,1.6
13.99499989,-16.16544245,0.4,2,9,8.7,13,22,1,4,0.035,3,6.5,12,22,1.6
14.01000023,-16.07491509,0.4,2,9,8.7,13,22,1,4,0.035,3,6.5,12,22,1.6
14.02499962,-15.98429395,0.4,2,9,8.7,13,22,1,4,0.035,3,6.5,12,22,1.6
14.03999996,-15.89370632,0.4,2,9,8.7,13,22,1,4,0.035,3,6.5,12,22,1.6
14.05500031,-15.80327116,0.4,2,9,8.7,13,22,1,4,0.035,3,6.5,12,22,1.6
14.06999969,-15.71309449,0.4,2,9,8.7,13,22,1,4,0.035,3,6.5,12,22,1.6
14.08500004,-15.62327132,0.4,2,9,8.7,13,22,1,4,0.035,3,6.5,12,22,1.6
14.10000038,-15.53388458,0.4,2,9,8.7,13,22,1,4,0.035,3,6.5,12,22,1.6
14.11499977,-15.44500913,0.4,2,9,8.7,13,22,1,4,0.035,3,6.5,12,22,1.6
14.13000011,-15.3567043,0.4,2,9,8.7,13,22,1,4,0.035,3,6.5,12,22,1.6
14.14500046,-15.26901944,0.4,2,9,8.7,13,22,1,4,0.035,3,6.5,12,22,1.6
14.15999985,-15.181994,0.4,2,9,8.7,13,22,1,4,0.035,3,6.5,12,22,1.6
14.17500019,-15.09565696,0.4,2,9,8.7,13,22,1,4,0.035,3,6.5,12,22,1.6
14.18999958,-15.01002555,0.4,2,9,8.7,13,22,1,4,0.035,3,6.5,12,22,1.6
14.20499992,-14.92510674,0.4,2,9,8.7,13,22,1,4,0.035,3,6.5,12,22,1.6
14.22000027,-14.84089773,0.4,2,9,8.7,13,22,1,4,0.035,3,6.5,12,22,1.6
14.23499966,-14.75738765,0.4,2,9,8.7,13,22,1,4,0.035,3,6.5,12,22,1.6
14.25,-14.67455483,0.4,2,9,8.7,13,22,1,4,0.035,3,6.5,12,22,1.6
14.26500034,-14.5923703,0.4,2,9,8.7,13,22,1,4,0.035,3,6.5,12,22,1.6
14.27999973,-14.51079792,0.4,2,9,8.7,13,22,1,4,0.035,3,6.5,12,22,1.6
14.29500008,-14.42979112,0.4,2,9,8.7,13,22,1,4,0.035,3,6.5,12,22,1.6
14.31000042,-14.3493002,0.4,2,9,8.7,13,22,1,4,0.035,3,6.5,12,22,1.6
14.32499981,-14.26926575,0.4,2,9,8.7,13,22,1,4,0.035,3,6.5,12,22,1.6
14.34000015,-14.18962431,0.4,2,9,8.7,13,22,1,4,0.035,3,6.5,12,22,1.6
14.35499954,-14.11030759,0.4,2,9,8.7,13,22,1,4,0.035,3,6.5,12,22,1.6
14.36999989,-14.03124315,0.4,2,9,8.7,13,22,1,4,0.035,3,6.5,12,22,1.6
14.38500023,-13.95235473,0.4,2,9,8.7,13,22,1,4,0.035,3,6.5,12,22,1.6
14.39999962,-13.87356296,0.4,2,9,8.7,13,22,1,4,0.035,3,6.5,12,22,1.6
14.41499996,-13.79478763,0.4,2,9,8.7,13,22,1,4,0.035,3,6.5,12,22,1.6
14.43000031,-13.71594685,0.4,2,9,8.7,13,22,1,4,0.035,3,6.5,12,22,1.6
14.44499969,-13.63695854,0.4,2,9,8.7,13,22,1,4,0.035,3,6.5,12,22,1.6
14.46000004,-13.55773999,0.4,2,9,8.7,13,22,1,4,0.035,3,6.5,12,22,1.6
14.47500038,-13.47821363,0.4,2,9,8.7,13,22,1,4,0.035,3,6.5,12,22,1.6
14.48999977,-13.39830041,0.4,2,9,8.7,13,22,1,4,0.035,3,6.5,12,22,1.6
14.50500011,-13.31792692,0.4,2,9,8.7,13,22,1,4,0.035,3,6.5,12,22,1.6
14.52000046,-13.23702129,0.4,2,9,8.7,13,22,1,4,0.035,3,6.5,12,22,1.6
14.53499985,-13.15551988,0.4,2,9,8.7,13,22,1,4,0.035,3,6.5,12,22,1.6
14.55000019,-13.07336085,0.4,2,9,8.7,13,22,1,4,0.035,3,6.5,12,22,1.6
14.56499958,-12.99049154,0.4,2,9,8.7,13,22,1,4,0.035,3,6.5,12,22,1.6
14.57999992,-12.90686479,0.4,2,9,8.7,13,22,1,4,0.035,3,6.5,12,22,1.6
14.59500027,-12.82244127,0.4,2,9,8.7,13,22,1,4,0.035,3,6.5,12,22,1.6
14.60999966,-12.73718915,0.4,2,9,8.7,13,22,1,4,0.035,3,6.5,12,22,1.6
14.625,-12.65108529,0.4,2,9,8.7,13,22,1,4,0.035,3,6.5,12,22,1.6
14.64000034,-12.56411509,0.4,2,9,8.7,13,22,1,4,0.035,3,6.5,12,22,1.6
14.65499973,-12.47627193,0.4,2,9,8.7,13,22,1,4,0.035,3,6.5,12,22,1.6
14.67000008,-12.38756125,0.4,2,9,8.7,13,22,1,4,0.035,3,6.5,12,22,1.6
14.68500042,-12.29799261,0.4,2,9,8.7,13,22,1,4,0.035,3,6.5,12,22,1.6
14.69999981,-12.20758809,0.4,2,9,8.7,13,22,1,4,0.035,3,6.5,12,22,1.6
14.71500015,-12.11637868,0.4,2,9,8.7,13,22,1,4,0.035,3,6.5,12,22,1.6
14.72999954,-12.02440069,0.4,2,9,8.7,13,22,1,4,0.035,3,6.5,12,22,1.6
14.74499989,-11.93170095,0.4,2,9,8.7,13,22,1,4,0.035,3,6.5,12,22,1.6
14.76000023,-11.83833577,0.4,2,9,8.7,13,22,1,4,0.035,3,6.5,12,22,1.6
14.77499962,-11.74436459,0.4,2,9,8.7,13,22,1,4,0.035,3,6.5,12,22,1.6
14.78999996,-11.6498539,0.4,2,9,8.7,13,22,1,4,0.035,3,6.5,12,22,1.6
14.80500031,-11.55488063,0.4,2,9,8.7,13,22,1,4,0.035,3,6.5,12,22,1.6
14.81999969,-11.45952439,0.4,2,9,8.7,13,22,1,4,0.035,3,6.5,12,22,1.6
14.83500004,-11.36386687,0.4,2,9,8.7,13,22,1,4,0.035,3,6.5,12,22,1.6
14.85000038,-11.26799863,0.4,2,9,8.7,13,22,1,4,0.035,3,6.5,12,22,1.6
14.86499977,-11.17200812,0.4,2,9,8.7,13,22,1,4,0.035,3,6.5,12,22,1.6
14.88000011,-11.07599121,0.4,2,9,8.7,13,22,1,4,0.035,3,6.5,12,22,1.6
14.89500046,-10.98004312,0.4,2,9,8.7,13,22,1,4,0.035,3,6.5,12,22,1.6
14.90999985,-10.88425977,0.4,2,9,8.7,13,22,1,4,0.035,3,6.5,12,22,1.6
14.92500019,-10.78873845,0.4,2,9,8.7,13,22,1,4,0.035,3,6.5,12,22,1.6
14.93999958,-10.69357827,0.4,2,9,8.7,13,22,1,4,0.035,3,6.5,12,22,1.6
14.95499992,-10.59887133,0.4,2,9,8.7,13,22,1,4,0.035,3,6.5,12,22,1.6
14.97000027,-10.50471437,0.4,2,9,8.7,13,22,1,4,0.035,3,6.5,12,22,1.6
14.98499966,-10.41120021,0.4,2,9,8.7,13,22,1,4,0.035,3,6.5,12,22,1.6
15,-10.31841537,0.4,2,9,8.7,13,22,1,4,0.035,3,6.5,12,22,1.6
